molecule_chembl_id,canonical_smiles,standard_value,standard_value_M,pIC50
CHEMBL36966,CN(C)CCCCCCCCCCOc1ccc2oc(-c3ccccc3)cc(=O)c2c1,297.0,2.97e-07,6.527243550682788
CHEMBL2204668,CN1CCN(Cc2ccc(C(c3ccccc3)C34CC5CC(CC(C5)C3)C4)cc2)CC1,5.2,5.2e-09,8.2839966563652
CHEMBL193699,O=C1[C@@H]2Cc3ccccc3CN2C(=O)N1C1CCN(Cc2ccccc2)CC1,2.4,2.4e-09,8.619788758288394
CHEMBL116711,Fc1ccc2[nH]c3c(c2c1)C1CCC(C3)N1CCCN1Cc2ccccc2C1,54.0,5.4e-08,7.267606240177032
CHEMBL726,OCCN1CCN(CCCN2c3ccccc3Sc3ccc(C(F)(F)F)cc32)CC1,20.0,2e-08,7.698970004336019
CHEMBL434593,O=c1cc(-c2ccccc2)oc2cccc(OCCCCCCN3CCC(O)CC3)c12,116.0,1.16e-07,6.935542010773082
CHEMBL808,Clc1ccc(COC(Cn2ccnc2)c2ccc(Cl)cc2Cl)cc1,21109.0,2.1109e-05,4.675532340106304
CHEMBL55970,N=C(Nc1ccccc1I)NC12CC3CC(CC(C3)C1)C2,6.2,6.200000000000001e-09,8.207608310501746
CHEMBL102119,Fc1ccc(C(OCCN2CCN(CCOC(c3ccc(F)cc3)c3ccc(F)cc3)CC2)c2ccc(F)cc2)cc1,10000.0,1e-05,5.0
CHEMBL541848,CCc1cccc(N(C)C(=N)Nc2cc(Br)cc(OC(F)(F)F)c2Br)c1.Cl,113.0,1.13e-07,6.94692155651658
CHEMBL60889,CCOc1cc(N)c(Cl)cc1C(=O)NCC1CN(Cc2ccc(F)cc2)CCO1,305.6,3.056000000000001e-07,6.514846650096348
CHEMBL606937,CN(CCc1ccc2ccccc2c1)[C@H]1CCCC[C@H]1N1CCCC1,37.0,3.7e-08,7.431798275933005
CHEMBL194797,CN(CCCCN1C(=O)[C@@H]2Cc3ccccc3CN2C1=O)CCc1ccccc1,9.9,9.900000000000001e-09,8.00436480540245
CHEMBL365786,CN(CCCN1C(=O)[C@@H]2Cc3ccccc3CN2C1=O)CCc1ccccc1,2.1,2.1e-09,8.67778070526608
CHEMBL404849,CCCCCCCCNC(C)C(O)c1ccc(SC(C)C)cc1,117.2,1.172e-07,6.931072388317928
CHEMBL542481,CCc1cccc(NC(=N)Nc2cc(Br)cc(CC)c2Br)c1.Cl,18.2,1.82e-08,7.739928612014925
CHEMBL38547,O=c1cc(-c2ccccc2)oc2ccc(OCCCCCCN3CCN(c4ccc(Cl)cc4)CC3)cc12,80.0,8e-08,7.096910013008056
CHEMBL331006,Fc1ccc2[nH]c3c(c2c1)C1CCC(C3)N1,1473.0,1.473e-06,5.831797253157369
CHEMBL553817,CC1(C)C2CCC1(C)C(/N=C(\N)Nc1ccccc1I)C2.Cl,18.0,1.8000000000000002e-08,7.744727494896693
CHEMBL2023826,c1ccc(CN2CCN(c3ccc(C(c4ccccc4)C45CC6CC(CC(C6)C4)C5)cc3)CC2)cc1,63.3,6.33e-08,7.198596289982645
CHEMBL1743993,Cl.c1coc(CN2CCC3(CCCc4ccccc43)CC2)c1,9.55,9.55e-09,8.019996628416253
CHEMBL35711,Fc1ccc2[nH]c3c(c2c1)C1CCC(C3)N1CCCCc1ccccc1,38.0,3.8e-08,7.42021640338319
CHEMBL545688,CCCCN1CCC2=C(Cc3ccccc32)C1.Cl,1.862,1.8619999999999998e-09,8.730020323354676
CHEMBL555398,Cl.Clc1ccc(CN2CC[C@H]3c4ccccc4CC[C@H]3C2)cc1,4.677,4.677e-09,8.330032630091496
CHEMBL1788381,CCCCN1CCC2(CCCc3ccccc32)CC1.Cl,1.202,1.202e-09,8.92009553233328
CHEMBL606890,CN(C(=O)C1(c2ccccc2)CC1)[C@H]1CCCC[C@H]1N1CCCC1,6058.0,6.058e-06,5.217670731003163
CHEMBL320190,CN(C)C1Cc2ccccc2C(C)(c2ccccc2)C1,5.495,5.4950000000000006e-09,8.260032303240491
CHEMBL540838,CCc1cccc(N(C)C(=N)Nc2cc(CC)cc(SC)c2Br)c1.Cl,180.0,1.8000000000000002e-07,6.7447274948966935
CHEMBL544280,CC(C)(C)c1ccc(CN2CC[C@H]3c4ccccc4CC[C@H]3C2)cc1.Cl,97.72,9.772e-08,7.010016541698601
CHEMBL420245,CCc1cccc(N(CC)C(=N)Nc2cccc3ccccc23)c1,2190.0,2.19e-06,5.6595558851598815
CHEMBL341003,CCCC(Cc1ccc(OC)c(OCCc2ccccc2)c1)N(CCC)CCC,9.5,9.5e-09,8.022276394711152
CHEMBL38130,c1ccc(CCCCN2C3CCC2c2c([nH]c4ccccc24)C3)cc1,25.0,2.5e-08,7.602059991327962
CHEMBL629,CN(C)CCC=C1c2ccccc2CCc2ccccc21,1031.0,1.0310000000000002e-06,5.986741334716483
CHEMBL554618,CCc1cccc(N(C)C(=N)Nc2ccccc2Cl)c1.Cl,71.8,7.180000000000002e-08,7.1438755557577
CHEMBL418239,CN(C)CCOc1ccc2oc(-c3ccccc3)cc(=O)c2c1,590.0,5.900000000000001e-07,6.229147988357855
CHEMBL553841,CCCC(N)Cc1ccc(OC)c(OCCc2ccccc2)c1.Cl,330.0,3.3e-07,6.481486060122113
CHEMBL607332,CN(C(=O)Cc1cccc2ccccc12)[C@H]1CCCC[C@H]1N1CCCC1,77.0,7.7e-08,7.113509274827518
CHEMBL38862,Cc1c(-c2ccccc2)oc2ccc(OCCCCCCN3CCC(O)CC3)cc2c1=O,36.0,3.6000000000000005e-08,7.443697499232712
CHEMBL552831,CCc1cccc(NC(=N)Nc2cc(CC)cc(CC)c2)c1.Cl,8.0,8e-09,8.096910013008056
CHEMBL607159,CN(C(=O)Nc1ccc(Cl)c(Cl)c1)[C@@H]1CCCC[C@@H]1N1CCCC1,5303.0,5.303000000000001e-06,5.275478372881437
CHEMBL541299,CCCCN1CCC2=C(CCc3ccccc32)C1.Cl,7.586,7.586000000000001e-09,8.119987161633228
CHEMBL300150,Fc1ccc(OCCCN2CCN(c3ncc(F)cn3)CC2)cc1,89.0,8.9e-08,7.050609993355087
CHEMBL543121,CN=C(NC1CCCCC1)NC1CCCCC1.Cl,237.0,2.3700000000000002e-07,6.6252516539898965
CHEMBL193655,CC(C)NC(=O)CN1CCN(CCN2C(=O)[C@@H]3Cc4ccccc4CN3C2=O)CC1,100.0,1.0000000000000001e-07,7.0
CHEMBL2023825,c1ccc(C(c2ccc(N3CCN(C4CCCCC4)CC3)cc2)C23CC4CC(CC(C4)C2)C3)cc1,0.27,2.7000000000000005e-10,9.568636235841012
CHEMBL36675,NCCCCCCOc1ccc2oc(-c3ccccc3)cc(=O)c2c1,2100.0,2.1e-06,5.6777807052660805
CHEMBL171181,COc1ccc2c(c1)C(CCCN1CCN(c3ccccn3)CC1)CCC2,125.0,1.2500000000000002e-07,6.903089986991944
CHEMBL538845,COc1ccc(CC(N)CCC(C)C)cc1OCCc1ccccc1.Cl,130.0,1.3e-07,6.886056647693163
CHEMBL521582,CCCN(CCC)CCc1ccc(OC)c(OCCc2ccccc2)c1.Cl,1.3,1.3e-09,8.886056647693163
CHEMBL142522,c1ccc(C(OCCN2CCNCC2)c2ccccc2)cc1,1480.0,1.48e-06,5.8297382846050425
CHEMBL38708,CCOC(=O)C1CCN(CCCCCCOc2ccc3oc(-c4ccccc4)cc(=O)c3c2)CC1,164.0,1.64e-07,6.785156151952302
CHEMBL91145,N=C(Nc1cccc2ccccc12)N1CCCCC1,1070.0,1.07e-06,5.97061622231479
CHEMBL553896,Cl.N=C(Nc1ccccc1I)NC12CC3CC(CC(C3)C1)C2,6.0,6.000000000000001e-09,8.221848749616356
CHEMBL330551,Cc1cccc(NC(=N)N(C)c2cccc(C)c2)c1,247.0,2.470000000000001e-07,6.607303046740334
CHEMBL539274,C=CCN(CC=C)C1Cc2ccccc2C(c2ccccc2)C1.Cl,26.5,2.65e-08,7.576754126063192
CHEMBL538263,Br.NC1Cc2cc(O)c(O)cc2C(c2ccccc2)C1,10000.0,1e-05,5.0
CHEMBL2093907,CCc1cccc(N(C)C(=N)Nc2cc(SC)cc(CC)c2Br)c1.Cl,299.0,2.99e-07,6.52432881167557
CHEMBL324092,Clc1ccc(OCCN2C3CCC2c2c([nH]c4ccccc24)C3)cc1,251.0,2.51e-07,6.600326278518962
CHEMBL90809,CCN(C(=N)Nc1cccc2ccccc12)c1cccc2ccccc12,6130.0,6.130000000000001e-06,5.212539525481585
CHEMBL67665,C/C(=N\c1ccc(Br)cc1C)Nc1ccc(Br)cc1C,26.0,2.6e-08,7.585026652029182
CHEMBL81602,Cc1ccc(NC(=N)Nc2ccc(C)cc2)cc1,535.0,5.350000000000001e-07,6.271646217978772
CHEMBL104945,CN(C)C1Cc2ccccc2C(c2ccccc2)C1,0.5248,5.248000000000001e-10,9.280006173632396
CHEMBL2023823,CN1CCN(c2ccc(C(c3ccccc3)C34CC5CC(CC(C5)C3)C4)cc2)CC1,3.2,3.2e-09,8.494850021680094
CHEMBL556798,CCCCN1C(=O)C(CC2CCCCC2)NC(=O)C12CCN(Cc1ccc3c(c1)OCCO3)CC2.Cl,183.0,1.83e-07,6.73754891026957
CHEMBL323910,Fc1ccc2[nH]c3c(c2c1)C1CCC(C3)N1Cc1ccccc1I,3044.0,3.044e-06,5.516555351901465
CHEMBL164037,Fc1ccc(C(OCCN2CCN(C/C=C/c3cccnc3)CC2)c2ccc(F)cc2)cc1,59.0,5.900000000000001e-08,7.229147988357855
CHEMBL331611,c1ccc(C(CCN2C3CCC2c2c([nH]c4ccccc24)C3)c2ccccc2)cc1,1483.0,1.483e-06,5.828858848971618
CHEMBL115280,O=C1NCN(c2ccccc2)C12CCN(Cc1cccc(Oc3ccccc3)c1)CC2,1250.0,1.25e-06,5.903089986991944
CHEMBL431214,N=C(Nc1cccc2ccccc12)N1CCC(c2ccccc2)CC1,343.0,3.430000000000001e-07,6.464705879957229
CHEMBL549,CN(C)CCCC1(c2ccc(F)cc2)OCc2cc(C#N)ccc21,398.0,3.9800000000000004e-07,6.400116927926312
CHEMBL553265,Cl.c1ccc2c(c1)CC[C@H]1CN(C3CCCCC3)CC[C@@H]21,0.2512,2.5119999999999997e-10,9.599980364934842
CHEMBL322275,COc1cccc2c1CCCC2CCCN1CCN(c2ccccc2)CC1,198.0,1.98e-07,6.703334809738469
CHEMBL429,CC(CCc1ccccc1)NCC(O)c1ccc(O)c(C(N)=O)c1,1815.0,1.815e-06,5.741123370627869
CHEMBL340541,O=C(CCN1CC=C(c2ccc(Cl)cc2)CC1)c1ccc(Cl)c(Cl)c1,158.0,1.58e-07,6.801342913045577
CHEMBL325168,Fc1ccc2[nH]c3c(c2c1)C1CCC(C3)N1CCCc1cccnc1,44.0,4.4000000000000004e-08,7.356547323513812
CHEMBL39053,O=C1NCN(c2ccccc2)C12CCN(CCCCCCOc1ccc3oc(-c4ccccc4)cc(=O)c3c1)CC2,1200.0,1.2000000000000002e-06,5.920818753952375
CHEMBL38023,COc1ccc(-c2cc(=O)c3cc(OCCCCCN4CCC(O)CC4)ccc3o2)cc1,493.0,4.93e-07,6.30715308072277
CHEMBL540291,Cc1ccccc1/N=C(\N)NC12CC3CC(C)(CC(C)(C3)C1)C2.Cl,15.0,1.5000000000000002e-08,7.823908740944319
CHEMBL2391375,CC(C)(C)CCNC(=O)CN1CCN(C(=O)C2CCCCC2)CC1,21100.0,2.11e-05,4.675717544702307
CHEMBL643,CC(CN1c2ccccc2Sc2ccccc21)N(C)C,287.0,2.87e-07,6.542118103266008
CHEMBL2303661,CN(CCc1ccc(Cl)c(Cl)c1)C1CCCCC1N1CCCC1,2.0,2e-09,8.698970004336019
CHEMBL176941,COc1ccc2c(CCCCN3CCC(C)CC3)cccc2c1,15.5,1.55e-08,7.809668301829708
CHEMBL346389,O=C1COc2cc(CN3CCN(c4ccc(Cl)cc4)CC3)ccc2N1,285.0,2.85e-07,6.54515513999149
CHEMBL542390,CCCN1CCC2=C(CCc3ccccc32)C1.Cl,21.38,2.138e-08,7.669992299127241
CHEMBL193485,O=C1[C@@H]2Cc3ccccc3CN2C(=O)N1CCCN1CCN(CCO)CC1,100.0,1.0000000000000001e-07,7.0
CHEMBL543433,CCc1cccc(NC(=N)Nc2c(Cl)cccc2Cl)c1.Cl,14.4,1.4400000000000002e-08,7.841637507904751
CHEMBL545011,Cl.N=C(NC1CC2CCC1C2)NC1CC2CCC1C2,16.0,1.6e-08,7.795880017344075
CHEMBL485253,CCC(CO)NC(=O)[C@@H]1C=C2c3cccc4c3c(cn4C)C[C@H]2N(C)C1,912.01,9.1201e-07,6.040000399696793
CHEMBL541828,Cc1cc([N+](=O)[O-])ccc1NC(=N)Nc1ccc([N+](=O)[O-])cc1C.Cl,760.0,7.6e-07,6.119186407719209
CHEMBL553347,Cl.N=C(Nc1ccccc1I)NC1C2CC3CC(C2)CC1C3,5.2,5.2e-09,8.2839966563652
CHEMBL78637,Cc1ccccc1/N=C(/N)Nc1c(C)cccc1C,70.0,7e-08,7.154901959985743
CHEMBL58601,Fc1ccc(SCCCN2CCN(c3ncc(F)cn3)CC2)cc1,51.0,5.1e-08,7.292429823902063
CHEMBL538036,CCc1cccc(NC(=N)Nc2ccccc2CC)c1.Cl,18.5,1.85e-08,7.732828271596986
CHEMBL38983,CN(C)CCCOc1ccc2oc(-c3ccccc3)cc(=O)c2c1,408.0,4.08e-07,6.38933983691012
CHEMBL37150,O=c1cc(C2CCCC2)oc2ccc(OCCCCCCN3CCC(O)CC3)cc12,51.0,5.1e-08,7.292429823902063
CHEMBL82246,N=C(Nc1ccccc1-c1ccccc1)Nc1cccc2ccccc12,935.0,9.35e-07,6.029188389127482
CHEMBL81867,N=C(NC1CCCCC1)NC1CCCCC1,71.0,7.1e-08,7.1487416512809245
CHEMBL288466,O=c1cc(C2CCCC2)oc2ccc(OCCCCCCN3CCCCC3)cc12,26.0,2.6e-08,7.585026652029182
CHEMBL538289,CCc1cccc(N(C)C(=N)Nc2ccccc2C(C)C)c1.Cl,362.0,3.6200000000000004e-07,6.441291429466834
CHEMBL545447,Cl.O=[N+]([O-])c1ccc(CCN2CC[C@H]3c4ccccc4CC[C@H]3C2)cc1,3.467,3.467e-09,8.460046158343603
CHEMBL1744009,Cl.c1ccc(CCN2CCC3(CCCc4ccccc43)CC2)cc1,5.012,5.012e-09,8.299988937677888
CHEMBL2391372,O=C(CN1CCNCC1)N[C@H]1C[C@@H]2CC[C@H]1C2,86800.0,8.680000000000001e-05,4.061480274823508
CHEMBL2391380,CCCCCN(C)C(=O)CN1CCCNCC1,15200.0,1.52e-05,4.818156412055227
CHEMBL545076,CCc1cccc(N(C)C(=N)N(C)c2cc(CC)ccc2Cl)c1.Cl,241.0,2.41e-07,6.617982957425132
CHEMBL250699,COc1cc(NC(=O)c2ccc(-c3ccc(Cl)cc3)o2)cc(OC)c1,10000.0,1e-05,5.0
CHEMBL118288,c1ccc(CN2C3CCC2c2c([nH]c4ccccc24)C3)cc1,345.0,3.450000000000001e-07,6.462180904926726
CHEMBL556043,CCc1cccc(NC(=N)Nc2ccccc2C)c1.Cl,10.8,1.08e-08,7.966576244513051
CHEMBL544078,Cl.NC1Cc2ccccc2C(c2ccccc2)C1,3305.0,3.305e-06,5.480828536178341
CHEMBL555581,CCCCN1CCC2c3ccccc3CCCC2C1.Cl,2.138,2.138e-09,8.669992299127241
CHEMBL607275,CN(C(=O)COc1ccc(Cl)c(Cl)c1)[C@@H]1CCCC[C@@H]1N1CCCC1,110.0,1.1e-07,6.958607314841775
CHEMBL284237,C[C@]12N[C@H](Cc3ccccc31)c1ccccc12,10000.0,1e-05,5.0
CHEMBL275742,CC(C)NC[C@@H](O)COc1cccc2ccccc12,3974.0,3.974e-06,5.400772137226204
CHEMBL63508,C/C(=N\C1CC2CCC1C2)Nc1ccccc1C,9.0,9.000000000000001e-09,8.045757490560675
CHEMBL148055,COc1cccc2c1CCC=C2CCCN1CCN(c2ccccc2)CC1,54.4,5.4400000000000004e-08,7.26440110030182
CHEMBL381653,O=C1[C@@H]2Cc3ccccc3CN2C(=O)N1CCCN1CCCCC1,21.5,2.15e-08,7.667561540084395
CHEMBL331500,c1ccc(CCCCN2C3CCC2c2c(n(Cc4ccccc4)c4ccccc24)C3)cc1,267.0,2.67e-07,6.573488738635425
CHEMBL554054,CCc1cccc(N(C)C(=N)Nc2cccc3ccccc23)c1.Cl,2535.0,2.5350000000000003e-06,5.596022036330645
CHEMBL383147,c1ccc2c(c1)C[C@H]1CN(CCN3CCCCC3)CN1C2,77.0,7.7e-08,7.113509274827518
CHEMBL51,O=C(c1ccc(F)cc1)C1CCN(CCn2c(=O)[nH]c3ccccc3c2=O)CC1,1.0,1e-09,9.0
CHEMBL12089,COc1ccc2cc3[n+](cc2c1OC)CCc1cc2c(cc1-3)OCO2.[Cl-],1289.0,1.289e-06,5.889747082646597
CHEMBL57606,OC(CCCN1CCN(c2ncc(F)cn2)CC1)C1CCCCC1,12.0,1.2000000000000002e-08,7.920818753952375
CHEMBL606835,CN(C(=O)Cc1ccc([N+](=O)[O-])cc1)[C@@H]1CCCC[C@@H]1N1CCCC1,2374.0,2.374e-06,5.624519285381427
CHEMBL301867,CN(C(=O)Cc1ccc(Cl)c(Cl)c1)[C@@H]1CCCC[C@@H]1N1CCCC1,194.0,1.9400000000000002e-07,6.7121982700697735
CHEMBL286353,CN(C)CCCCCCCCOc1ccc2oc(-c3ccccc3)cc(=O)c2c1,227.0,2.27e-07,6.6439741428068775
CHEMBL140054,C[C@@H]1CN(CCOC(c2ccccc2)c2ccccc2)[C@@H](C)CN1CCCc1ccccc1,8.6,8.600000000000001e-09,8.065501548756432
CHEMBL78356,Cc1cc(N)ccc1/N=C(/N)Nc1cccc(O)c1,962.0,9.62e-07,6.016824927962187
CHEMBL143648,CNCCN(C)CCOC(c1ccccc1)c1ccccc1,231.0,2.3100000000000002e-07,6.636388020107856
CHEMBL1743997,C=CCN1CCC2(CCCc3ccccc32)CC1.Cl,18.2,1.82e-08,7.739928612014925
CHEMBL555606,CCc1cccc(N(C)C(=N)Nc2cc(CC)cc(SC)c2Cl)c1.Cl,178.0,1.78e-07,6.749579997691106
CHEMBL312806,C1CCC(NC(=NC2CC2)NC2CCCCC2)CC1,513.0,5.13e-07,6.289882634888183
CHEMBL545687,CCCCN1CCC2c3ccccc3CC2C1.Cl,10.96,1.0960000000000002e-08,7.96018944585165
CHEMBL62770,CC(C)=CCN1CCC2(CCCc3ccccc32)CC1,1.047,1.047e-09,8.980053318321158
CHEMBL2391360,CCC(=O)N1CCN(CC(=O)NCC(C)CC)CC1,100000.0,0.0001,4.0
CHEMBL77675,N=C(Nc1ccccc1)Nc1ccccc1,397.0,3.97e-07,6.401209493236885
CHEMBL607333,CN(C(=O)COc1ccc(Cl)cc1Cl)[C@@H]1CCCC[C@@H]1N1CCCC1,76.0,7.6e-08,7.119186407719209
CHEMBL289896,O=c1cc(-c2ccccc2)oc2ccc(OCCCCCCN3CCC(O)(c4ccc(Cl)cc4)CC3)cc12,109.0,1.0900000000000001e-07,6.962573502059376
CHEMBL75880,C1CCC(C(CC2CCCCN2)C2CCCCC2)CC1,2599.2,2.5992e-06,5.585160301663073
CHEMBL2391354,O=C(CN1CCN2CCCCC2C1)NC1CCCCC1,270.0,2.7e-07,6.568636235841013
CHEMBL366163,CN(C)CCCN1CCN(CCN2C(=O)[C@@H]3Cc4ccccc4CN3C2=O)CC1,1000.0,1.0000000000000002e-06,6.0
CHEMBL195303,O=C1[C@@H]2CCCCN2C(=O)N1CCN1CCCCC1,1000.0,1.0000000000000002e-06,6.0
CHEMBL2391357,CN1CCCN(CC(=O)NC2CCCCC2)CC1,3250.0,3.25e-06,5.488116639021126
CHEMBL92484,CCc1cccc(N(C)C(=N)Nc2cccc3ccccc23)c1,2540.0,2.54e-06,5.5951662833800615
CHEMBL607156,CN(C(=O)OCc1ccccc1)[C@@H]1CCCC[C@@H]1N1CCCC1,928.0,9.28e-07,6.032452023781138
CHEMBL310170,CCc1ccccc1NC(=N)Nc1ccccc1CC,14.0,1.4e-08,7.853871964321762
CHEMBL2391351,CCCCCN(C)C(=O)CN1CCNC2(CCCCC2)C1,210.0,2.1e-07,6.6777807052660805
CHEMBL545544,CCc1cccc(N(C)C(=N)Nc2cc(C)cc(CC)c2Cl)c1.Cl,45.3,4.53e-08,7.343901797987168
CHEMBL373271,O=C1[C@@H]2Cc3ccc(O)cc3CN2C(=O)N1CCN1CCCCC1,1000.0,1.0000000000000002e-06,6.0
CHEMBL289702,CC1CCN(CCCCCCOc2ccc3oc(-c4ccccc4)cc(=O)c3c2)CC1,25.0,2.5e-08,7.602059991327962
CHEMBL552829,CCc1cccc(NC(=N)Nc2cc(CC)cc(CC)c2F)c1.Cl,7.4,7.400000000000001e-09,8.130768280269024
CHEMBL544747,Cl.O=[N+]([O-])c1ccc(CN2CC[C@H]3c4ccccc4CC[C@H]3C2)cc1,8.71,8.710000000000002e-09,8.059981844992336
CHEMBL78585,Cc1ccccc1/N=C(/N)Nc1ccccc1N,463.0,4.63e-07,6.334419008982047
CHEMBL432859,O=c1cc(-c2ccccc2)oc2ccc(OCCCCCCN3CCCCCC3)cc12,24.0,2.4000000000000003e-08,7.619788758288394
CHEMBL607390,CN(C(=O)Cc1ccc(Cl)cc1)[C@@H]1CCCC[C@@H]1N1CCCC1,224.0,2.2400000000000002e-07,6.649751981665837
CHEMBL553962,CCCCCC(Cc1ccc(OC)c(OCCc2ccccc2)c1)NCCC.Cl,1.5,1.5e-09,8.823908740944319
CHEMBL596,CCC(=O)N(c1ccccc1)C1CCN(CCc2ccccc2)CC1,354.0,3.54e-07,6.450996737974212
CHEMBL543355,Cl.N=C(Nc1ccccc1CCc1ccccc1)NC12CC3CC(CC(C3)C1)C2,112.0,1.1200000000000001e-07,6.950781977329818
CHEMBL367435,COc1ccc2c(c1)C(CCCN1CCN(c3ccccc3OC)CC1)=CCC2,228.0,2.28e-07,6.642065152999546
CHEMBL310729,COc1ccccc1NC(=N)Nc1ccccc1OC,1990.0,1.99e-06,5.701146923590294
CHEMBL440606,Cc1c(-c2ccccc2)oc2ccc(OCCC/C=C/CN3CCC(O)CC3)cc2c1=O,99.0,9.9e-08,7.00436480540245
CHEMBL564,CN(C)CCCN1c2ccccc2Sc2ccccc21,271.0,2.710000000000001e-07,6.567030709125595
CHEMBL117748,CN(CCN1C2CCC1c1c([nH]c3ccccc13)C2)C(=O)Cc1ccc(Cl)c(Cl)c1,1612.0,1.6120000000000002e-06,5.792634962530928
CHEMBL128998,CCCCCCCCC(Cc1ccc(OC)c(OCCc2ccccc2)c1)N(CCC)CCC,1000.0,1.0000000000000002e-06,6.0
CHEMBL1743999,Cl.c1ccc2c(c1)CCC21CCN(CC2CCCCC2)CC1,1.349,1.349e-09,8.869988050328097
CHEMBL138438,CC1CN(CCCn2c3ccccc3c3ccccc32)CC(C)N1CCCCCCN=C=S,707.0,7.070000000000001e-07,6.150580586203101
CHEMBL67010,C/C(=N\C1CCCCC1)NC12CC3CC(CC(C3)C1)C2,72.0,7.200000000000001e-08,7.142667503568731
CHEMBL543597,Cl.N=C(NC1CCCCC1)NC12CC3CC(CC(C3)C1)C2,13.0,1.3e-08,7.886056647693163
CHEMBL39233,COc1cccc(-c2cc(=O)c3cc(OCCCCCCN4CCC(O)CC4)ccc3o2)c1,76.0,7.6e-08,7.119186407719209
CHEMBL338181,O=C(CCN1CC=C(c2ccc(F)cc2)CC1)c1ccccc1,4.0,4e-09,8.397940008672037
CHEMBL88660,CCc1cccc(NC(=N)N2CCC(c3ccccc3)CC2)c1,60.0,6.000000000000002e-08,7.221848749616356
CHEMBL3220543,CSc1nc(N2C[C@@H]3[C@H](C2)[C@H]3C(=O)O)ccc1C(=O)NC12CC3CC(CC(C3)C1)C2,30000.0,3e-05,4.522878745280337
CHEMBL90508,N=C(Nc1ccccc1I)Nc1cccc2ccccc12,40.0,4e-08,7.397940008672037
CHEMBL421364,CN(C(=N)Nc1cccc2ccccc12)c1cccc([N+](=O)[O-])c1,6260.0,6.26e-06,5.20342566678957
CHEMBL553312,CCc1cccc(NC(=N)Nc2cc(Cl)ccc2Cl)c1.Cl,11.8,1.18e-08,7.928117992693875
CHEMBL64511,c1ccc(CN2CCC3(CCCc4ccccc43)CC2)nc1,11.22,1.122e-08,7.950007143079858
CHEMBL323287,CCN(CC)C1Cc2ccccc2C(c2ccccc2)C1,2.239,2.239e-09,8.64994590642097
CHEMBL607212,CN(C(=O)COc1cccc(Cl)c1Cl)[C@@H]1CCCC[C@@H]1N1CCCC1,42.0,4.2000000000000006e-08,7.376750709602099
CHEMBL2093895,CN(C)[C@]1(C)Cc2ccccc2[C@@H](c2ccccc2)C1.Cl,9.0,9.000000000000001e-09,8.045757490560675
CHEMBL1744000,Cl.c1ccc2c(c1)CCCC21CCN(CC2CCCCC2)CC1,2.291,2.291e-09,8.639974910810603
CHEMBL194640,CN(CCCCCCN1C(=O)[C@@H]2Cc3ccccc3CN2C1=O)Cc1ccccc1,9.4,9.4e-09,8.0268721464003
CHEMBL1201353,CN(C)CC[C@@H](c1ccc(Cl)cc1)c1ccccn1,1658.0,1.658e-06,5.780415473785745
CHEMBL2391366,CCC(=O)N1CCN(CC(=O)NC(CC)CC)CC1,100000.0,0.0001,4.0
CHEMBL248702,CCN[C@@H](C)Cc1cccc(C(F)(F)F)c1,516.0,5.16e-07,6.287350298372789
CHEMBL193805,O=C1[C@@H]2Cc3ccccc3CN2C(=S)N1CCN1CCCCC1,0.9,9e-10,9.045757490560677
CHEMBL38047,O=c1cc(-c2ccccc2)oc2ccc(OCCCCCN3CCC(O)CC3)cc12,210.0,2.1e-07,6.6777807052660805
CHEMBL716,OCCOCCN1CCN(C2=Nc3ccccc3Sc3ccccc32)CC1,2293.5,2.2935e-06,5.639501255531998
CHEMBL37508,O=c1cc(-c2ccccc2)oc2ccc(OCCCCN3CCC(O)CC3)cc12,337.0,3.37e-07,6.4723700991286615
CHEMBL1744013,Cl.Oc1ccc2c(c1)C1(CCC2)CCN(Cc2ccccc2)CC1,69.18,6.918000000000001e-08,7.160019442321658
CHEMBL553536,CC(=O)[C@H]1CCC2C3CC=C4CC(/N=C(\N)Nc5ccccc5C)CC[C@]4(C)C3CC[C@@]21C.Cl,250.0,2.5000000000000004e-07,6.6020599913279625
CHEMBL1201203,CN1[C@@H]2CC[C@H]1C[C@@H](OC(c1ccccc1)c1ccccc1)C2,139.0,1.3900000000000001e-07,6.856985199745905
CHEMBL606784,COc1cccc(CC(=O)N(C)[C@@H]2CCCC[C@@H]2N2CCCC2)c1,211.0,2.1100000000000002e-07,6.675717544702307
CHEMBL277302,COc1ccc2c(c1)C(CCCN1CCN(c3ccccn3)CC1)=CCC2,246.0,2.46e-07,6.609064892896621
CHEMBL36645,O=C(CCCN1C2CCC1c1c([nH]c3ccccc13)C2)c1ccc(F)cc1,129.0,1.29e-07,6.889410289700751
CHEMBL91628,CCc1cccc(NC(=N)N(C)c2cccc(CC)c2)c1,82.0,8.2e-08,7.086186147616283
CHEMBL1744007,Cl.Clc1ccc2c(c1)CCCC21CCN(Cc2ccccc2)CC1,6.761,6.761000000000001e-09,8.169989064063882
CHEMBL1743998,Cc1ccc2c(c1)CCCC21CCN(Cc2ccccc2)CC1.Cl,5.495,5.4950000000000006e-09,8.260032303240491
CHEMBL538283,CCc1cccc(N(C)C(=N)Nc2cccc(Br)c2)c1.Cl,40.0,4e-08,7.397940008672037
CHEMBL421446,CCCCCCCC(Cc1ccc(OC)c(OCCc2ccccc2)c1)NCCC,13.0,1.3e-08,7.886056647693163
CHEMBL39163,O=c1cc(-c2cccnc2)oc2ccc(OCCCCCCN3CCCCC3)cc12,119.0,1.1900000000000001e-07,6.924453038607469
CHEMBL38565,O=c1cc(-c2ccc(F)cc2)oc2ccc(OCCCCCCN3CCC(O)CC3)cc12,95.0,9.5e-08,7.022276394711152
CHEMBL129521,O=C(CCN1CC=C(c2ccc(Cl)cc2)CC1)c1ccc(Cl)cc1,158.0,1.58e-07,6.801342913045577
CHEMBL543431,CCc1cccc(NC(=N)Nc2ccc(Cl)c(Cl)c2)c1.Cl,31.8,3.18e-08,7.497572880015567
CHEMBL543896,CCCCCC(N)Cc1ccc(OC)c(OCCc2ccccc2)c1.Cl,110.0,1.1e-07,6.958607314841775
CHEMBL1400945,CC(=O)[C@H]1[C@H](C#N)C[C@H]2[C@@H]3CC=C4C[C@@H](O)CC[C@]4(C)[C@H]3CC[C@@]21C,21300.0,2.1300000000000003e-05,4.671620396561262
CHEMBL2391368,O=C(CN1CCN(C2CCCC2)CC1)NC1CCCCC1,430.0,4.3e-07,6.366531544420414
CHEMBL195781,O=Cn1ccnc1N(CCCN1C(=O)[C@@H]2Cc3ccccc3CN2C1=O)Cc1ccccc1,100.0,1.0000000000000001e-07,7.0
CHEMBL119698,O=C1c2ccccc2C(=O)N1CCN1C2CCC1c1c([nH]c3ccccc13)C2,8085.0,8.085e-06,5.09231997575758
CHEMBL553745,CN(C)C1Cc2ccccc2C(c2ccccc2)C1.Cl,3.47,3.47e-09,8.459670525209127
CHEMBL2204678,c1ccc(C(c2ccc(CCCN3CCNCC3)cc2)C23CC4CC(CC(C4)C2)C3)cc1,42.0,4.2000000000000006e-08,7.376750709602099
CHEMBL366459,COc1ccc2c(c1)C(CCCCN1CCN(c3ccccc3OC)CC1)=CCC2,53.5,5.35e-08,7.2716462179787715
CHEMBL195304,O=C1[C@H]2Cc3ccccc3CN2C(=O)N1CCN1CCCCC1,6.6,6.6e-09,8.18045606445813
CHEMBL267930,O=C(CCCN1CCC2(CC1)C(=O)NCN2c1ccccc1)c1ccc(F)cc1,954.99,9.5499e-07,6.020001176026261
CHEMBL159608,Fc1ccc(C(OCCN2CCN(CCCc3cccnc3)CC2)c2ccc(F)cc2)cc1,79.0,7.9e-08,7.102372908709558
CHEMBL293059,N=C(Nc1ccccc1F)NC12CC3CC(CC(C3)C1)C2,8.0,8e-09,8.096910013008056
CHEMBL542959,CCc1cccc(NC(=N)Nc2cc(Cl)cc(Cl)c2)c1.Cl,69.9,6.990000000000001e-08,7.155522824254319
CHEMBL79437,CCCc1cccc(NC(=N)Nc2cccc(CCC)c2)c1,42.0,4.2000000000000006e-08,7.376750709602099
CHEMBL129768,O[C@H](CCCN1CCN(c2ncc(F)cn2)CC1)c1ccc(F)cc1,28.0,2.8000000000000006e-08,7.552841968657781
CHEMBL81070,N=C(Nc1ccc(Br)cc1)Nc1ccc(Br)cc1,33.0,3.3000000000000004e-08,7.481486060122112
CHEMBL545310,CCc1cccc(NC(=N)Nc2ccccc2Cl)c1.Cl,15.9,1.59e-08,7.798602875679548
CHEMBL543192,CCc1cccc(N(C)C(=N)Nc2cc(CC)cc(CC)c2Br)c1.Cl,203.0,2.03e-07,6.692503962086787
CHEMBL195573,CN(CCCN1C(=O)[C@@H]2Cc3ccccc3CN2C1=O)c1ccccc1,100.0,1.0000000000000001e-07,7.0
CHEMBL326263,N#Cc1ccc(CCOC(=O)N2CCN(CCCC(c3ccc(F)cc3)c3ccc(F)cc3)CC2)cc1,702.0,7.02e-07,6.153662887870195
CHEMBL2391376,C[C@@H]1[C@@H](NC(=O)CN2CCN(C3CCCCC3)CC2)C[C@H]2C[C@@H]1C2(C)C,180.0,1.8000000000000002e-07,6.7447274948966935
CHEMBL554388,Cl.c1csc(CN2CC[C@H]3c4ccccc4CC[C@H]3C2)c1,7.079,7.079e-09,8.15002808767115
CHEMBL442356,Cc1cc(F)ccc1/N=C(\N)NC12CC3CC(CC(C3)C1)C2,3.2,3.2e-09,8.494850021680094
CHEMBL1255588,CC(C)(C)[C@@]1(O)CCN2C[C@@H]3c4ccccc4CCc4cccc(c43)[C@H]2C1,52.48,5.248e-08,7.280006173632396
CHEMBL42055,OCCN1CCN(CC/C=C2\c3ccccc3Sc3ccc(C(F)(F)F)cc32)CC1,14.79,1.479e-08,7.830031826003108
CHEMBL365754,CN(CCCN1C(=O)[C@@H]2Cc3ccccc3CN2C1=O)Cc1ccccc1,3.9,3.9e-09,8.4089353929735
CHEMBL291300,O=c1cc(-c2ccccc2)oc2c(OCCCCCCN3CCC(O)CC3)cccc12,36.0,3.6000000000000005e-08,7.443697499232712
CHEMBL275528,c1ccc(C2(N3CCCCC3)CCCCC2)cc1,868.0,8.680000000000001e-07,6.061480274823508
CHEMBL113956,CCOc1ccc(CCNC(=O)N2CCN(CCCC(c3ccc(F)cc3)c3ccc(F)cc3)CC2)cc1,482.0,4.82e-07,6.31695296176115
CHEMBL728,CN1CCN(CCCN2c3ccccc3Sc3ccc(Cl)cc32)CC1,54.0,5.4e-08,7.267606240177032
CHEMBL424125,COc1ccc2c(c1)C(CCCN1CCN(c3ccccc3OC)CC1)CCC2,64.1,6.41e-08,7.193141970481182
CHEMBL542478,CCc1cccc(NC(=N)N(C)c2cc(CC)ccc2Cl)c1.Cl,156.0,1.5600000000000002e-07,6.806875401645538
CHEMBL39584,O=c1cc(-c2ccccc2)oc2ccc(OCCCCCCN3CCNCC3c3ncccn3)cc12,1630.0,1.63e-06,5.787812395596042
CHEMBL435211,O=C(CCN1CC=C(c2ccc(Cl)cc2)CC1)c1ccccc1F,400.0,4.0000000000000003e-07,6.3979400086720375
CHEMBL543434,CCc1cccc(NC(=N)N(C)c2cccc(CC)c2)c1.Cl,82.0,8.2e-08,7.086186147616283
CHEMBL195677,CN(C)CCCN1CCN(CCCN2C(=O)[C@@H]3Cc4ccccc4CN3C2=O)CC1,100.0,1.0000000000000001e-07,7.0
CHEMBL1200406,CN(C)CCOC(c1ccccc1)c1ccccc1.Cn1c(=O)c2[nH]c(Cl)nc2n(C)c1=O,1158.0,1.158e-06,5.936291440608582
CHEMBL54661,OCCN1CCN(CC/C=C2/c3ccccc3Sc3ccc(C(F)(F)F)cc32)CC1,2.239,2.239e-09,8.64994590642097
CHEMBL35828,CN(C)CCCCCCCCCOc1ccc2oc(-c3ccccc3)cc(=O)c2c1,334.0,3.34e-07,6.476253533188435
CHEMBL39203,O=c1cc(-c2cccnc2)oc2ccc(OCCCCCCN3CCC(O)CC3)cc12,194.0,1.9400000000000002e-07,6.7121982700697735
CHEMBL553561,Cl.c1ccc2c(c1)CC[C@H]1CN(C34C[C@H]5C[C@@H](C3)C[C@@H](C4)C5)CC[C@@H]21,2.291,2.291e-09,8.639974910810603
CHEMBL607273,CN(C(=O)CSc1ccccc1)[C@@H]1CCCC[C@@H]1N1CCCC1,200.0,2.0000000000000002e-07,6.698970004336019
CHEMBL104622,CN(C)C1CCc2ccccc2C(c2ccccc2)C1,85.11,8.511e-08,7.070019409484486
CHEMBL329623,N=C(N1CCCc2ccccc21)N1CCCc2ccccc21,1370.0,1.37e-06,5.863279432843593
CHEMBL301642,CC(=O)OC(CCCN1CCN(c2ncc(F)cn2)CC1)c1ccc(F)cc1,227.0,2.27e-07,6.6439741428068775
CHEMBL91791,N=C(Nc1ccc2ccccc2c1)Nc1ccc2ccccc2c1,92.0,9.2e-08,7.036212172654444
CHEMBL90975,N=C(NCc1ccccc1)Nc1cccc2ccccc12,140.0,1.4e-07,6.853871964321762
CHEMBL543664,CCc1cccc(N(C)C(=N)Nc2cc(CC)cc(C(F)(F)F)c2Br)c1.Cl,221.0,2.21e-07,6.655607726314889
CHEMBL339638,CCCCCCC(Cc1ccc(OC)c(OCCc2ccccc2)c1)NCCC,9.0,9.000000000000001e-09,8.045757490560675
CHEMBL129452,O=C(CCN1CC=C(c2ccc(Cl)cc2)CC1)c1ccccc1,0.5,5e-10,9.30102999566398
CHEMBL39480,CC(C)Cc1cc(=O)c2cc(OCCCCCN3CCC(O)CC3)ccc2o1,139.0,1.3900000000000001e-07,6.856985199745905
CHEMBL119485,C(=C/c1ccccc1)\CN1C2CCC1c1c([nH]c3ccccc13)C2,133.0,1.33e-07,6.876148359032914
CHEMBL544142,CCc1cccc(N(C)C(=N)Nc2cc(Br)cc(S(C)(=O)=O)c2Br)c1.Cl,3378.0,3.378e-06,5.47134035476501
CHEMBL555052,COc1ccc(CC(C)N)cc1OCCc1ccccc1.Cl,1000.0,1.0000000000000002e-06,6.0
CHEMBL542491,CCc1cccc(NC(=N)Nc2cccc(Cl)c2Cl)c1.Cl,13.3,1.3300000000000002e-08,7.876148359032914
CHEMBL556021,CC(C)(C)/N=C(\N)Nc1ccccc1I.Cl,21.1,2.1100000000000004e-08,7.675717544702307
CHEMBL294144,COc1cccc2c1CCC(=O)N2CCCN1CCN(c2cccc(Cl)c2)CC1,47.0,4.7000000000000004e-08,7.327902142064283
CHEMBL310003,N=C(Nc1ccccc1I)NC1CC2CCC1C2,5.0,5e-09,8.301029995663981
CHEMBL172161,COc1ccccc1N1CCN(CCCC2=CCCc3c(OC)cccc32)CC1,33.0,3.3000000000000004e-08,7.481486060122112
CHEMBL38152,Fc1ccc(CCCCN2C3CCC2c2c([nH]c4ccccc24)C3)cc1,37.0,3.7e-08,7.431798275933005
CHEMBL39809,O=c1cc(-c2ccccc2)oc2cc(OCCCCCCN3CCC(O)CC3)ccc12,45.0,4.5000000000000006e-08,7.346787486224656
CHEMBL1744011,Cl.c1ccc(CN2CCC3(CCCCc4ccccc43)CC2)cc1,6.761,6.761000000000001e-09,8.169989064063882
CHEMBL1744016,COc1ccc(CN2CCC3(CCc4ccccc43)CC2)cc1.Cl,3.467,3.467e-09,8.460046158343603
CHEMBL78306,N=C(Nc1cccc2c1CCCC2)Nc1cccc2c1CCCC2,59.0,5.900000000000001e-08,7.229147988357855
CHEMBL82078,CC(C)c1cccc(NC(=N)Nc2cccc(C(C)C)c2)c1,96.0,9.600000000000001e-08,7.017728766960431
CHEMBL954,CCN(CC)CCOc1ccc(/C(=C(/Cl)c2ccccc2)c2ccccc2)cc1,29.0,2.9e-08,7.5376020021010435
CHEMBL62,CN1CCc2cc(Cl)c(O)cc2[C@@H](c2ccccc2)C1,389.05,3.890500000000001e-07,6.409994580348671
CHEMBL833,Clc1ccccc1CN1CCc2sccc2C1,426.0,4.2600000000000003e-07,6.370590400897281
CHEMBL420979,Cc1cccc(N(C)C(=N)Nc2cccc3ccccc23)c1,1860.0,1.86e-06,5.730487055782084
CHEMBL607158,CN(C(=O)/C=C/c1ccc(Cl)c(Cl)c1)[C@@H]1CCCC[C@@H]1N1CCCC1,3650.0,3.65e-06,5.437707135543525
CHEMBL80081,CCCCNC(=N)NCCCC,750.0,7.5e-07,6.1249387366083
CHEMBL91222,COc1cccc(NC(=N)Nc2cccc(OC)c2)c1,351.0,3.51e-07,6.454692883534176
CHEMBL493677,CC(C)(C)CCN1CC[C@H](CNC(=O)c2cc(Cl)cc(Cl)c2)[C@H](F)C1,20.0,2e-08,7.698970004336019
CHEMBL275707,C[C@@H]1CN(CCCn2c3ccccc3c3ccccc32)C[C@H](C)N1,1480.0,1.48e-06,5.8297382846050425
CHEMBL140406,COc1cccc2c1CCC/C2=C\CCN1CCN(c2ccccn2)CC1,99.1,9.91e-08,7.003926345514724
CHEMBL119811,Fc1ccc(OCCCN2C3CCC2c2c([nH]c4ccccc24)C3)cc1,55.0,5.5e-08,7.259637310505756
CHEMBL38665,O=c1cc(-c2ccccc2)oc2cccc(OCCCN3CCC(O)CC3)c12,125.0,1.2500000000000002e-07,6.903089986991944
CHEMBL115249,CCOc1ccc(CCOC(=O)N2CCN(CCCc3ccccc3)CC2)cc1,2170.0,2.17e-06,5.663540266151471
CHEMBL118665,c1ccc(CCN2C3CCC2c2c(n(Cc4ccccc4)c4ccccc24)C3)cc1,482.0,4.82e-07,6.31695296176115
CHEMBL544054,C/C(=N\C1CCCCC1)Nc1ccccc1C.Cl,9.0,9.000000000000001e-09,8.045757490560675
CHEMBL288933,O=c1cc(-c2ccccc2)oc2cc(OCCCCN3CCC(O)CC3)ccc12,33.0,3.3000000000000004e-08,7.481486060122112
CHEMBL78777,CCc1cccc(NC(=N)Nc2cccc(CC)c2)c1,8.0,8e-09,8.096910013008056
CHEMBL78411,CC(C)(C)c1ccccc1NC(=N)Nc1ccccc1C(C)(C)C,356.0,3.56e-07,6.448550002027125
CHEMBL606834,COc1ccccc1CC(=O)N(C)[C@@H]1CCCC[C@@H]1N1CCCC1,208.0,2.08e-07,6.681936665037238
CHEMBL172363,COc1ccc2c(c1)C(CCCCN1CCN(c3ccccc3OC)CC1)CCC2,92.8,9.28e-08,7.032452023781138
CHEMBL544144,CCc1cccc(N(C)C(=N)Nc2cc(C(F)(F)F)cc(CC)c2Br)c1.Cl,205.0,2.0500000000000002e-07,6.688246138944246
CHEMBL37138,O=c1cc(-c2ccccc2Cl)oc2ccc(OCCCCCCN3CCCCC3)cc12,60.0,6.000000000000002e-08,7.221848749616356
CHEMBL312588,Cc1cc([N+](=O)[O-])ccc1/N=C(/N)Nc1cccc(O)c1,118.0,1.1800000000000001e-07,6.928117992693875
CHEMBL606891,CN(C(=O)c1cccc2ccccc12)[C@H]1CCCC[C@H]1N1CCCC1,2593.0,2.593e-06,5.586197483230649
CHEMBL545249,CN(C)C1Cc2cc(Cl)c(O)cc2C(c2ccccc2)C1.Cl,1.4,1.4e-09,8.853871964321762
CHEMBL2391539,CC(C(=O)NCCC1CCCCCCC1)N1CCN(C(=O)C2CCCCC2)CC1,11600.0,1.16e-05,4.935542010773082
CHEMBL607391,CN(C(=O)Cc1ccccc1)[C@@H]1CCCC[C@@H]1N1CCCC1,1155.0,1.1550000000000002e-06,5.937418015771837
CHEMBL412429,O=c1cc(-c2ccccc2)oc2cccc(OCCCCCN3CCC(O)CC3)c12,54.0,5.4e-08,7.267606240177032
CHEMBL38294,O=c1cc(-c2ccccc2)oc2cccc(OCCCCCCCN3CCC(O)CC3)c12,36.0,3.6000000000000005e-08,7.443697499232712
CHEMBL194687,CN(CCCCc1ccccc1)CCN1C(=O)[C@@H]2Cc3ccccc3CN2C1=O,3.2,3.2e-09,8.494850021680094
CHEMBL412640,O=c1cc(C2CCCCC2)oc2ccc(OCCCCCCN3CCCCC3)cc12,55.0,5.5e-08,7.259637310505756
CHEMBL133847,CCCNC1Cc2ccccc2C(c2ccccc2)C1,58.88,5.8880000000000015e-08,7.230032198670558
CHEMBL293364,O=C(NC(CCCN1CCN(c2ncc(F)cn2)CC1)c1ccc(F)cc1)c1ccc(F)cc1,100.0,1.0000000000000001e-07,7.0
CHEMBL81678,N=C(Nc1cccc(I)c1)Nc1cccc(I)c1,125.0,1.2500000000000002e-07,6.903089986991944
CHEMBL126437,O=C(CCN1CC=C(c2ccc(F)cc2)CC1)c1ccc(F)cc1,23.0,2.3e-08,7.638272163982407
CHEMBL174300,COc1ccccc1N1CCN(CC/C=C2\CCCc3ccccc32)CC1,55.0,5.5e-08,7.259637310505756
CHEMBL118276,CN1C2CCC1c1c([nH]c3ccccc13)C2,2650.0,2.65e-06,5.576754126063192
CHEMBL115652,O=C1NCN(c2ccccc2)C12CCN(Cc1cc3c(cc1Cl)OCO3)CC2,581.0,5.81e-07,6.235823867609669
CHEMBL119804,c1ccc(CCN2C3CCC2c2c([nH]c4ccccc24)C3)cc1,234.0,2.34e-07,6.6307841425898575
CHEMBL194694,CN(CCCCCCN1C(=O)[C@@H]2Cc3ccccc3CN2C1=O)CCc1ccccc1,29.5,2.9500000000000006e-08,7.530177984021837
CHEMBL553747,CCc1cccc(N(C)C(=N)Nc2cc(Br)cc(C(F)(F)F)c2Br)c1.Cl,224.0,2.2400000000000002e-07,6.649751981665837
CHEMBL1744003,Cc1ccc(CN2CCC3(CCCc4ccccc43)CC2)cc1.Cl,1.413,1.413e-09,8.849857838151442
CHEMBL545079,CCc1cccc(N(C)C(=N)Nc2cc(CC)cc(C(F)(F)F)c2Cl)c1.Cl,200.0,2.0000000000000002e-07,6.698970004336019
CHEMBL412674,Cc1ccccc1NC(=N)N(C)c1ccccc1C,6280.0,6.28e-06,5.202040356262804
CHEMBL936,OC(CCCN1CCCCC1)(c1ccccc1)c1ccccc1,256.0,2.56e-07,6.59176003468815
CHEMBL415284,C=CCN1CC[C@]23c4c5ccc(O)c4O[C@H]2[C@@H](O)C=C[C@H]3[C@H]1C5,735.0,7.350000000000001e-07,6.133712660915805
CHEMBL607210,CN(C(=O)COc1cc(Cl)c(Cl)cc1Cl)[C@@H]1CCCC[C@@H]1N1CCCC1,128.0,1.28e-07,6.892790030352131
CHEMBL119725,O=C1c2ccccc2C(=O)N1CCCN1C2CCC1c1c([nH]c3ccc(F)cc13)C2,836.0,8.36e-07,6.077793722560983
CHEMBL332035,c1ccc(CCCCCN2C3CCC2c2c([nH]c4ccccc24)C3)cc1,107.0,1.07e-07,6.97061622231479
CHEMBL543123,Br.NC1=NCCN1c1ccccc1,3500.0,3.5000000000000004e-06,5.455931955649724
CHEMBL38322,O=c1cc(-c2ccccc2)oc2ccc(OCCCCCCN3CCOCC3)cc12,713.0,7.13e-07,6.146910470148135
CHEMBL91946,CN(C(=N)Nc1cccc2ccccc12)c1cccc(N)c1,2700.0,2.7e-06,5.568636235841013
CHEMBL545760,CCCNC(C)Cc1ccc(OC)c(OCCc2ccccc2)c1.Cl,10.0,1e-08,8.0
CHEMBL81773,Cc1ccccc1/N=C(\N)NC1CC2CCC1C2,7.7,7.700000000000001e-09,8.113509274827518
CHEMBL38585,CN(C)CCCCCCOc1ccc2oc(-c3ccccc3)cc(=O)c2c1,432.0,4.32e-07,6.364516253185088
CHEMBL544842,CCc1cccc(NC(=N)Nc2cccc(Br)c2)c1.Cl,10.3,1.03e-08,7.987162775294828
CHEMBL142337,C[C@@H]1CN(CCOC(c2ccc(F)cc2)c2ccc(F)cc2)[C@@H](C)CN1CCOC(c1ccc(F)cc1)c1ccc(F)cc1,3640.0,3.64e-06,5.438898616350944
CHEMBL81735,Cc1ccccc1/N=C(/N)Nc1ccccc1[N+](=O)[O-],113.0,1.13e-07,6.94692155651658
CHEMBL142953,c1ccc(CCCN2CCCN(CCOC(c3ccccc3)c3ccccc3)CC2)cc1,26.0,2.6e-08,7.585026652029182
CHEMBL540831,CCc1cccc(N(C)C(=N)Nc2cc(C(F)(F)F)cc(CC)c2F)c1.Cl,79.0,7.9e-08,7.102372908709558
CHEMBL129695,O=C(CCN1CC=C(c2ccc(Cl)cc2)CC1)c1ccccc1Cl,105.0,1.05e-07,6.978810700930062
CHEMBL91713,CCc1cccc(NC(=N)Nc2cccc3ccccc23)c1,54.0,5.4e-08,7.267606240177032
CHEMBL1743994,Cl.c1csc(CN2CCC3(CCCc4ccccc43)CC2)c1,6.31,6.31e-09,8.199970640755867
CHEMBL128717,CCCN(CCC)C(CC)Cc1ccc(OC)c(OCCc2ccccc2)c1,5.7,5.7000000000000006e-09,8.244125144327509
CHEMBL553749,CCc1cccc(NC(=N)Nc2cc(C(F)(F)F)cc(CC)c2Br)c1.Cl,19.6,1.9600000000000003e-08,7.707743928643524
CHEMBL430455,N=C(Nc1cccc2ccccc12)NC1Cc2ccccc2C1,240.0,2.400000000000001e-07,6.619788758288394
CHEMBL1743996,C=CCCN1CCC2(CCCc3ccccc32)CC1.Cl,6.607,6.607000000000001e-09,8.179995693191682
CHEMBL536782,Cc1ccccc1/N=C(/N)Nc1cccc(O)c1.Cl,207.0,2.0700000000000001e-07,6.684029654543083
CHEMBL2204677,c1ccc(CN2CCN(CCCc3ccc(C(c4ccccc4)C45CC6CC(CC(C6)C4)C5)cc3)CC2)cc1,36.1,3.6100000000000006e-08,7.442492798094342
CHEMBL61304,Fc1cnc(N2CCN(CCCCc3ccc(F)c4ccccc34)CC2)nc1,213.0,2.1300000000000001e-07,6.671620396561262
CHEMBL606783,CN(C(=O)Cc1c(Cl)cccc1Cl)[C@@H]1CCCC[C@@H]1N1CCCC1,1385.0,1.385e-06,5.858550226599533
CHEMBL2391359,CCN1CCN(CC(=O)N(C)C2CCCC2)CC1C,1200.0,1.2000000000000002e-06,5.920818753952375
CHEMBL142617,Fc1ccc(C(OCCN2CCNCC2)c2ccc(F)cc2)cc1,965.0,9.65e-07,6.015472686656207
CHEMBL557002,CC12CC3CC(C)(C1)CC(/N=C(\N)Nc1ccccc1/C=C/c1ccccc1)(C3)C2.Cl,970.0,9.7e-07,6.013228265733755
CHEMBL540331,CCCNC(CCC(C)C)Cc1ccc(OC)c(OCCc2ccccc2)c1.Cl,1.8,1.8e-09,8.744727494896694
CHEMBL539549,CCc1cccc(N(C)C(=N)Nc2ccc(Cl)cc2)c1.Cl,45.7,4.5700000000000006e-08,7.34008379993015
CHEMBL194738,CN(CCCCCc1ccccc1)CCN1C(=O)[C@@H]2Cc3ccccc3CN2C1=O,2.9,2.9e-09,8.537602002101044
CHEMBL543196,CCc1cccc(N(C)C(=N)Nc2cc(Br)cc(SC)c2Br)c1.Cl,113.0,1.13e-07,6.94692155651658
CHEMBL196385,O=C1[C@@H]2Cc3ccccc3CN2C(=O)N1CCN1CCN(CCO)CC1,100.0,1.0000000000000001e-07,7.0
CHEMBL543134,Br.CN(C)C1Cc2cc(O)c(O)cc2C(c2ccccc2)C1,34.3,3.43e-08,7.464705879957229
CHEMBL172556,COc1ccc2c(c1)C(SCCN1CCN(c3ccccc3OC)CC1)CCC2,138.0,1.3800000000000004e-07,6.860120913598763
CHEMBL90288,CN(C(=N)N(c1ccccc1)c1cccc2ccccc12)c1cccc2ccccc12,11000.0,1.1e-05,4.958607314841775
CHEMBL159320,Fc1ccc(C(OCCN2CCN(C/C=C/c3cccs3)CC2)c2ccc(F)cc2)cc1,41.0,4.1e-08,7.387216143280264
CHEMBL88161,CN(C(=N)N(C)c1cccc2ccccc12)c1cccc2ccccc12,10700.0,1.07e-05,4.97061622231479
CHEMBL2391378,CC(C)N1CCCN(CC(=O)N[C@H](C)C(C)(C)C)CC1,11800.0,1.18e-05,4.928117992693875
CHEMBL339253,CCCCCCC(N)Cc1ccc(OC)c(OCCc2ccccc2)c1,170.0,1.7000000000000001e-07,6.769551078621726
CHEMBL340275,CCCCCCC(Cc1ccc(OC)c(OCCc2ccccc2)c1)N(CCC)CCC,150.0,1.5000000000000002e-07,6.823908740944319
CHEMBL82247,Cc1ccccc1/N=C(/N)Nc1ccccc1/C=C/c1ccccc1,920.0,9.2e-07,6.036212172654444
CHEMBL367723,COc1ccc2c(c1)C(CCCN1CCN(c3cccc(C(F)(F)F)c3)CC1)CCC2,87.5,8.750000000000002e-08,7.057991946977687
CHEMBL1628227,CN(C)CCC=C1c2ccccc2COc2ccccc21,631.0,6.310000000000001e-07,6.199970640755866
CHEMBL545212,C=CCCN1CC[C@H]2c3ccccc3CC[C@H]2C1.Cl,1.738,1.738e-09,8.759950227887352
CHEMBL40115,O=c1cc(C2CCC2)oc2ccc(OCCCCCCN3CCC(O)CC3)cc12,61.0,6.1e-08,7.214670164989233
CHEMBL39583,O=c1cc(C2CCCCC2)oc2ccc(OCCCCCCN3CCC(O)CC3)cc12,88.0,8.800000000000002e-08,7.055517327849832
CHEMBL286991,Fc1ccc(C(OCCN2CCN(C/C=C/c3ccccc3)CC2)c2ccc(F)cc2)cc1,51.0,5.1e-08,7.292429823902063
CHEMBL134215,CCCN(CCC)C1Cc2ccccc2C(c2ccccc2)C1,12.88,1.2880000000000002e-08,7.890084136976206
CHEMBL544537,Cc1ccccc1N/C(N)=N/C1CC[C@@]2(C)C(=CCC3C2CC[C@@]2(C)C3CC[C@@H]2C(C)CCCC(C)C)C1.Cl,10000.0,1e-05,5.0
CHEMBL543200,CCc1cccc(N(C)C(=N)Nc2cc(SC)cc(Br)c2Cl)c1.Cl,494.0,4.940000000000001e-07,6.306273051076353
CHEMBL89811,CCc1cccc(N(C)C(=N)N(C)c2cccc3ccccc23)c1,1210.0,1.21e-06,5.91721462968355
CHEMBL340532,O=C(CCN1CC=C(c2ccc(Cl)cc2)CC1)c1ccc2c(c1)OCO2,281.0,2.8100000000000004e-07,6.55129368009492
CHEMBL1743995,Cl.Clc1ccc(CN2CCC3(CCCc4ccccc43)CC2)cc1,6.761,6.761000000000001e-09,8.169989064063882
CHEMBL1089752,CN(CCCN1C(=O)[C@H]2Cc3ccccc3CN2C1=O)Cc1ccccc1,1000.0,1.0000000000000002e-06,6.0
CHEMBL143750,c1ccc(CCCN2CCNCC2)cc1,109.0,1.0900000000000001e-07,6.962573502059376
CHEMBL128860,CCCCC(Cc1ccc(OC)c(OCCc2ccccc2)c1)NCCC,2.1,2.1e-09,8.67778070526608
CHEMBL543427,CCc1cccc(NC(=N)Nc2cc(SC)cc(CC)c2Cl)c1.Cl,15.8,1.5800000000000006e-08,7.801342913045577
CHEMBL555698,CCc1cccc(N(C)C(=N)Nc2cccc(Cl)c2Cl)c1.Cl,97.0,9.700000000000001e-08,7.013228265733755
CHEMBL543839,Cl.N=C(NC1C2CC3CC(C2)CC1C3)NC1C2CC3CC(C2)CC1C3,203.0,2.03e-07,6.692503962086787
CHEMBL2023828,c1ccc(C(c2ccc(N3CCOCC3)cc2)C23CC4CC(CC(C4)C2)C3)cc1,100.0,1.0000000000000001e-07,7.0
CHEMBL413257,N=C(Nc1cccc(F)c1)NC12CC3CC(CC(C3)C1)C2,13.0,1.3e-08,7.886056647693163
CHEMBL540841,CCc1cccc(NC(=N)Nc2cc(C(F)(F)F)cc(CC)c2F)c1.Cl,23.9,2.39e-08,7.621602099051862
CHEMBL545471,Br.CNC(=N)NC,100000.0,0.0001,4.0
CHEMBL607157,CN(C(=O)COc1ccccc1)[C@@H]1CCCC[C@@H]1N1CCCC1,1247.0,1.247e-06,5.904133546521457
CHEMBL607452,CN(C(=O)Cc1cc(Cl)c(Cl)cc1[N+](=O)[O-])[C@@H]1CCCC[C@@H]1N1CCCC1,5952.0,5.952000000000001e-06,5.225337077462178
CHEMBL314710,N=C(Nc1cccc2ccccc12)N1CCCCCC1,1410.0,1.41e-06,5.85078088734462
CHEMBL1788382,CC(C)=CCN1CCC2(CCc3ccccc32)CC1.Cl,1.175,1.1750000000000002e-09,8.929962133392245
CHEMBL38809,CN(CCCCCCOc1ccc2oc(-c3ccccc3)cc(=O)c2c1)Cc1ccccc1,52.0,5.2e-08,7.2839966563652
CHEMBL108241,COc1ccccc1N1CCN(CCNC2CCCc3c(OC)cccc32)CC1,151.0,1.5100000000000004e-07,6.82102305270683
CHEMBL315051,N=C(Nc1cccc2c1CCC2)Nc1cccc2c1CCC2,29.0,2.9e-08,7.5376020021010435
CHEMBL105645,CN(C)C1Cc2cc(O)c(O)cc2C(c2ccccc2)C1,6.166,6.166e-09,8.20999647960951
CHEMBL67388,C/C(=N\C12CC3CC(CC(C3)C1)C2)NC12CC3CC(CC(C3)C1)C2,16.0,1.6e-08,7.795880017344075
CHEMBL38514,O=c1cc(-c2cccc(Cl)c2)oc2ccc(OCCCCCCN3CCC(O)CC3)cc12,156.0,1.5600000000000002e-07,6.806875401645538
CHEMBL553074,CC12CC3CC(C)(C1)CC(/N=C(\N)Nc1ccccc1I)(C3)C2.Cl,16.0,1.6e-08,7.795880017344075
CHEMBL2112760,C[C@H]1CN(CCCn2c3ccccc3c3ccccc32)C[C@H](C)N1C,897.0,8.97e-07,6.047207556955908
CHEMBL542486,CCc1cccc(N(C)C(=N)N(C)c2cc(Br)ccc2Br)c1.Cl,381.0,3.8100000000000004e-07,6.419075024324381
CHEMBL2023827,c1ccc(C(c2ccc(N3CCNCC3)cc2)C23CC4CC(CC(C4)C2)C3)cc1,12.4,1.2400000000000002e-08,7.906578314837765
CHEMBL300351,O=S(=O)(NC(CCCN1CCN(c2ncc(F)cn2)CC1)c1ccc(F)cc1)c1ccc(F)cc1,1520.0,1.52e-06,5.818156412055227
CHEMBL126738,CCCN(CCC)CCC(=O)c1ccccc1,1250.0,1.25e-06,5.903089986991944
CHEMBL538754,C/C(=N\c1ccccc1C)Nc1ccccc1C.Cl,15.0,1.5000000000000002e-08,7.823908740944319
CHEMBL60872,NC(CCCN1CCN(c2ncc(F)cn2)CC1)c1ccc(F)c2ccccc12,215.0,2.15e-07,6.667561540084395
CHEMBL2391365,CCCCC(C(=O)NC1CCCCC1)N1CCNCC1,11500.0,1.15e-05,4.939302159646388
CHEMBL116710,CN(CCc1ccc(Cl)c(Cl)c1)CCN1C2CCC1c1c([nH]c3ccccc13)C2,509.0,5.09e-07,6.293282217663242
CHEMBL3,CN1CCC[C@H]1c1cccnc1,10000.0,1e-05,5.0
CHEMBL40278,O=c1cc(-c2ccccc2)oc2ccc(OCCCCCCN3CCCC(O)C3)cc12,86.0,8.6e-08,7.0655015487564325
CHEMBL543101,C=CCN1CC[C@H]2c3ccccc3CC[C@H]2C1.Cl,4.571,4.571e-09,8.33998877871067
CHEMBL607392,CN(C(=O)Cc1cccc([N+](=O)[O-])c1)[C@@H]1CCCC[C@@H]1N1CCCC1,1609.0,1.6090000000000002e-06,5.793443955900971
CHEMBL39638,O=c1cc(-c2ccccc2)oc2ccc(OCCCCCCCN3CCC(O)CC3)cc12,142.0,1.42e-07,6.847711655616943
CHEMBL633,CCCCc1oc2ccccc2c1C(=O)c1cc(I)c(OCCN(CC)CC)c(I)c1,97.0,9.700000000000001e-08,7.013228265733755
CHEMBL285541,c1ccc2c3c([nH]c2c1)CC1CCC3N1,5000.0,5e-06,5.301029995663981
CHEMBL81539,N=C(Nc1ccccc1C(F)(F)F)Nc1ccccc1C(F)(F)F,215.0,2.15e-07,6.667561540084395
CHEMBL26320,c1ccc(CCCN2CCN(CCOC(c3ccccc3)c3ccccc3)CC2)cc1,17.0,1.7e-08,7.769551078621726
CHEMBL1201237,CC(C)(C)NC[C@H](O)COc1cccc2c1CCCC2=O,773.0,7.73e-07,6.111820506081675
CHEMBL543120,CCCCCCCCN=C(NC1CCCCC1)NC1CCCCC1.Cl,238.0,2.3800000000000001e-07,6.623423042943488
CHEMBL2391364,CCCCN(CCC)C(=O)CN1CCNCC1,16300.0,1.63e-05,4.787812395596042
CHEMBL125913,O=C(CCN1CC=C(c2ccc(F)cc2)CC1)c1ccc(Cl)cc1,25.0,2.5e-08,7.602059991327962
CHEMBL36928,O=c1cc(-c2cccs2)oc2ccc(OCCCCCCN3CCC(O)CC3)cc12,119.0,1.1900000000000001e-07,6.924453038607469
CHEMBL276500,CCCN1CCCC(c2cccc(O)c2)C1,76.0,7.6e-08,7.119186407719209
CHEMBL37470,COc1c(-c2ccccc2)oc2ccc(OCCCCCCN3CCC(O)CC3)cc2c1=O,93.0,9.300000000000001e-08,7.031517051446065
CHEMBL127720,CCCN(CCC)C(C)Cc1ccc(OC)c(OCCc2ccccc2)c1,12.0,1.2000000000000002e-08,7.920818753952375
CHEMBL175300,COc1cccc2c1CCC=C2CCCN1CCN(c2ccccn2)CC1,52.0,5.2e-08,7.2839966563652
CHEMBL11311,COc1ccc(CCN2CCCC2)cc1OCCc1ccccc1.O=C(O)C(=O)O,110.0,1.1e-07,6.958607314841775
CHEMBL542470,CCCCCC(Cc1ccc(OC)c(OCCc2ccccc2)c1)N(CCC)CCC.Cl,30.0,3.0000000000000004e-08,7.522878745280337
CHEMBL544281,CC(C)=CCN1CC[C@H]2c3ccccc3CC[C@H]2C1.Cl,1.175,1.1750000000000002e-09,8.929962133392245
CHEMBL313649,N=C(Nc1cccc2ccccc12)N(c1ccccc1)c1cccc2ccccc12,7930.0,7.93e-06,5.100726812682396
CHEMBL57297,O=C(OC(CCCN1CCN(c2ncc(F)cn2)CC1)c1ccc(F)cc1)c1ccccc1,3500.0,3.5000000000000004e-06,5.455931955649724
CHEMBL542487,CCc1cccc(NC(=N)Nc2cc(CC)cc(CC)c2Cl)c1.Cl,4.5,4.5000000000000014e-09,8.346787486224656
CHEMBL444590,COc1cccc2c1CCCC2CCCN1CCN(c2ccccn2)CC1,67.5,6.75e-08,7.170696227168975
CHEMBL288623,O=c1cc(-c2ccccc2)oc2ccc(OCCCCCCN3CCC(n4c(O)nc5ccccc54)CC3)cc12,369.0,3.6900000000000004e-07,6.432973633840939
CHEMBL543673,CCc1cccc(N(C)C(=N)Nc2cc(Cl)ccc2Cl)c1.Cl,28.5,2.85e-08,7.54515513999149
CHEMBL841,CN(C)C(=O)C(CCN1CCC(O)(c2ccc(Cl)cc2)CC1)(c1ccccc1)c1ccccc1,628.0,6.280000000000001e-07,6.202040356262804
CHEMBL40016,O=c1cc(-c2ccccc2)oc2cccc(OCCCCN3CCC(O)CC3)c12,58.0,5.8e-08,7.236572006437063
CHEMBL282433,Cc1ccccc1NC(=N)Nc1ccccc1C,32.0,3.2e-08,7.494850021680094
CHEMBL538052,CCc1cccc(N(C)C(=N)Nc2cc(SC)cc(CC)c2Cl)c1.Cl,309.0,3.090000000000001e-07,6.510041520575165
CHEMBL130357,O=C(CCN1CC=C(c2ccccc2)CC1)c1ccccc1,8.0,8e-09,8.096910013008056
CHEMBL2391381,CC(=O)N1CCCN(CCC(=O)NC2CCCCCC2)CC1,18000.0,1.8e-05,4.7447274948966935
CHEMBL80,C=CCN1CC[C@]23c4c5ccc(O)c4O[C@H]2C(=O)CC[C@@]3(O)[C@H]1C5,100000.0,0.0001,4.0
CHEMBL81835,Cc1ccccc1/N=C(\N)NC12CC3CC(CC(C3)C1)C2,8.0,8e-09,8.096910013008056
CHEMBL544748,CCCCN1CC[C@H]2c3cc(C)cc(C)c3CC[C@H]2C1.Cl,2.042,2.0419999999999998e-09,8.689944262249108
CHEMBL2093876,CN1CC[C@@H]2c3ccccc3CC[C@H]2C1.Cl,446.68,4.4668000000000003e-07,6.350003492533959
CHEMBL540274,Cl.c1ccc(CCN2CC[C@H]3c4ccccc4CC[C@H]3C2)cc1,0.3236,3.236e-10,9.489991487059765
CHEMBL2093874,CCCCN1CC[C@@H]2c3ccccc3CC[C@H]2C1.Cl,3.09,3.09e-09,8.510041520575164
CHEMBL446358,O=C(CCN1CC=C(c2ccc(Cl)cc2)CC1)c1ccc(F)c(F)c1,235.0,2.3500000000000005e-07,6.628932137728263
CHEMBL18786,CN(C)CCCSc1ccccc1NC(=O)/C=C/c1ccccc1,181.97,1.8197e-07,6.740000204918113
CHEMBL553167,CCc1cccc(NC(=N)N(C)c2cc(Cl)ccc2Cl)c1.Cl,64.0,6.4e-08,7.1938200260161125
CHEMBL538290,CCC(N)Cc1ccc(OC)c(OCCc2ccccc2)c1.Cl,1000.0,1.0000000000000002e-06,6.0
CHEMBL1744005,Cl.c1ccc2c(c1)CCC21CCN(CC2CCCO2)CC1,3.162,3.162e-09,8.500038134403809
CHEMBL540326,CCc1cccc(N(C)C(=N)Nc2cc(Cl)cc(C(F)(F)F)c2Cl)c1.Cl,110.0,1.1e-07,6.958607314841775
CHEMBL126684,O=C(CCN1CC=C(c2ccc(F)cc2)CC1)c1ccc(Br)cc1,66.0,6.600000000000002e-08,7.180456064458132
CHEMBL2391371,CC(C)(C)CCNC(=O)CN1CCNCC1,18800.0,1.88e-05,4.72584215073632
CHEMBL439859,O=C1N(CCN2CCCCC2)C[C@@H]2Cc3ccccc3CN12,54.0,5.4e-08,7.267606240177032
CHEMBL312600,N=C(Nc1ccccc1I)Nc1ccccc1I,13.0,1.3e-08,7.886056647693163
CHEMBL143846,NCCCCNCCOC(c1ccccc1)c1ccccc1,10000.0,1e-05,5.0
CHEMBL127067,O=C(CCN1CC=C(c2ccc(Cl)cc2)CC1)c1ccc(Br)cc1,100.0,1.0000000000000001e-07,7.0
CHEMBL2391382,CC(C)(C(=O)NC1CCCCC1)N1CCN(C2CCCC2)CC1,500.0,5.000000000000001e-07,6.301029995663981
CHEMBL37256,O=c1cc(C2CCC2)oc2ccc(OCCCCCCN3CCCCC3)cc12,51.0,5.1e-08,7.292429823902063
CHEMBL119495,CCCN1C2CCC1c1c([nH]c3ccccc13)C2,1084.0,1.084e-06,5.964970717797632
CHEMBL545769,CCc1cccc(N(C)C(=N)Nc2cccc(SC)c2)c1.Cl,164.0,1.64e-07,6.785156151952302
CHEMBL433022,c1ccc(CCCCN2C3CCC2c2c(n(-c4ccccc4)c4ccccc24)C3)cc1,212.0,2.1200000000000002e-07,6.673664139071248
CHEMBL58282,O=S(=O)(NC(CCCN1CCN(c2ncc(F)cn2)CC1)C1CCCCC1)c1ccc(F)cc1,504.0,5.040000000000001e-07,6.297569463554475
CHEMBL539504,COc1ccc2c(c1)C1=C(CC2)CN(C)CC1.Cl,3467.37,3.46737e-06,5.459999812689
CHEMBL539260,Cl.c1ccc(CCCN2CC[C@H]3c4ccccc4CC[C@H]3C2)cc1,4.266,4.266e-09,8.369979148886591
CHEMBL333840,c1ccc(CCCN2C3CCC2c2c([nH]c4ccccc24)C3)cc1,81.0,8.100000000000001e-08,7.091514981121351
CHEMBL698,CCCCNc1ccc(C(=O)OCCN(C)C)cc1,1673.0,1.673e-06,5.776504059037605
CHEMBL542736,CCc1cccc(NC(=N)Nc2cc(C(F)(F)F)cc(CC)c2Cl)c1.Cl,17.3,1.7300000000000003e-08,7.761953896871204
CHEMBL539782,Br.N=C(NCc1ccccc1)NCc1ccccc1,90.0,9.000000000000001e-08,7.045757490560675
CHEMBL78083,CCc1ccc(NC(=N)Nc2ccc(CC)cc2)cc1,245.0,2.4500000000000004e-07,6.610833915635467
CHEMBL621,O=c1n(CCCN2CCN(c3cccc(Cl)c3)CC2)nc2ccccn12,2203.0,2.2030000000000003e-06,5.656985502849232
CHEMBL79665,Cc1ccccc1/N=C(\N)NC1CC2CCC1(C)C2(C)C,25.0,2.5e-08,7.602059991327962
CHEMBL1276308,CC#C[C@]1(O)CC[C@H]2[C@@H]3CCC4=CC(=O)CCC4=C3[C@@H](c3ccc(N(C)C)cc3)C[C@@]21C,26280.0,2.628e-05,4.580374639112256
CHEMBL2391367,CCC(=O)N1CCN(CC(=O)NC2CCCCC2)CC1,100000.0,0.0001,4.0
CHEMBL163980,Fc1ccc(C(OCCN2CCN(CCCc3cccs3)CC2)c2ccc(F)cc2)cc1,38.0,3.8e-08,7.42021640338319
CHEMBL53,CN1CCc2cccc3c2[C@H]1Cc1ccc(O)c(O)c1-3,10000.0,1e-05,5.0
CHEMBL442395,Fc1ccc2[nH]c3c(c2c1)CN(CCCc1ccncc1)CC3,182.0,1.8200000000000002e-07,6.739928612014925
CHEMBL555890,Cl.c1ccc2c(c1)CCCC1CN(C3CCCCC3)CCC21,1.413,1.413e-09,8.849857838151442
CHEMBL310668,NC1=Nc2ccccc2-c2ccccc2N1,10000.0,1e-05,5.0
CHEMBL358758,C[C@@H]1CN(CCOC(c2ccccc2)c2ccccc2)[C@@H](C)CN1,67.0,6.7e-08,7.173925197299173
CHEMBL193662,CN(CCCc1ccccc1)CCN1C(=O)[C@@H]2Cc3ccccc3CN2C1=O,13.6,1.3600000000000001e-08,7.866461091629782
CHEMBL2391540,CN(C(=O)CN1CCNCC1)C1CCCC1,100000.0,0.0001,4.0
CHEMBL280243,CC(C)c1ccccc1NC(=N)Nc1ccccc1C(C)C,88.0,8.800000000000002e-08,7.055517327849832
CHEMBL79145,ON=C(NC1CCCCC1)NC1CCCCC1,271.0,2.710000000000001e-07,6.567030709125595
CHEMBL296419,COc1ccc(CCN2CCC(Nc3nc4ccccc4n3Cc3ccc(F)cc3)CC2)cc1,2246.0,2.246e-06,5.648590248074561
CHEMBL348432,C[C@@H]1CN(CCCc2ccccc2)[C@@H](C)CN1CCCc1ccccc1,8.5,8.5e-09,8.070581074285707
CHEMBL441453,N=C(N1CCc2ccccc21)N1CCc2ccccc21,7180.0,7.180000000000001e-06,5.1438755557577
CHEMBL1490,OC(CCN1CCCCC1)(c1ccccc1)C1CCCCC1,108.0,1.08e-07,6.966576244513051
CHEMBL79186,Cc1ccccc1/N=C(/N)Nc1ccccc1I,21.0,2.1000000000000003e-08,7.67778070526608
CHEMBL990,CN(Cc1ccc(C(C)(C)C)cc1)Cc1cccc2ccccc12,3953.3,3.953300000000001e-06,5.403040227549031
CHEMBL543199,CCc1cccc(N(C)C(=N)Nc2cc(SC)cc(C(F)(F)F)c2Cl)c1.Cl,421.0,4.21e-07,6.375717904164332
CHEMBL631,CCCNCC(O)COc1ccccc1C(=O)CCc1ccccc1,2610.0,2.61e-06,5.583359492661719
CHEMBL87321,CNC1Cc2cc(Cl)c(O)cc2C(c2ccccc2)C1,21.1,2.1100000000000004e-08,7.675717544702307
CHEMBL41,CNCCC(Oc1ccc(C(F)(F)F)cc1)c1ccccc1,851.14,8.5114e-07,6.069998998990925
CHEMBL78928,N=C(Nc1ccccc1I)Nc1ccccc1/C=C/c1ccccc1,1200.0,1.2000000000000002e-06,5.920818753952375
CHEMBL2374421,CN([C@H]1CCCC[C@H]1N1CCCC1)S(=O)(=O)c1ccccc1,966.0,9.660000000000002e-07,6.015022873584506
CHEMBL55769,N=C(Nc1cccc(I)c1)NC12CC3CC(CC(C3)C1)C2,8.0,8e-09,8.096910013008056
CHEMBL555091,CCc1cccc(N(C)C(=N)Nc2cccc(Cl)c2)c1.Cl,43.5,4.3500000000000006e-08,7.361510743045363
CHEMBL119409,OCCCN1C2CCC1c1c([nH]c3ccc(F)cc13)C2,317.0,3.1700000000000005e-07,6.498940737782249
CHEMBL4519018,CN1C2CCCC1CC(Nc1ccccc1Br)C2,84.0,8.400000000000001e-08,7.075720713938118
CHEMBL128799,CCCNC(CCC)Cc1ccc(OC)c(OCCc2ccccc2)c1,4.5,4.5000000000000014e-09,8.346787486224656
CHEMBL194796,CN(CCCCCN1C(=O)[C@@H]2Cc3ccccc3CN2C1=O)Cc1ccccc1,5.0,5e-09,8.301029995663981
CHEMBL26929,COc1ccccc1N1CCN(CCCC2CCCc3c(OC)cccc32)CC1,59.9,5.99e-08,7.222573177610688
CHEMBL60814,Fc1ccc(CCCCN2CCN(c3ncc(F)cn3)CC2)cc1,23.0,2.3e-08,7.638272163982407
CHEMBL2391362,CCCCN(CCC)C(=O)CN1C[C@H](C)NC[C@H]1C,7600.0,7.6e-06,5.119186407719209
CHEMBL542140,Cl.c1ccc(CN2CC[C@H]3c4ccccc4CC[C@H]3C2)nc1,16.6,1.6600000000000003e-08,7.779891911959945
CHEMBL539299,CCc1cccc(NC(=N)Nc2ccc(Cl)cc2Cl)c1.Cl,36.5,3.65e-08,7.437707135543525
CHEMBL2023824,CCN1CCN(c2ccc(C(c3ccccc3)C34CC5CC(CC(C5)C3)C4)cc2)CC1,2.9,2.9e-09,8.537602002101044
CHEMBL88146,CCc1cccc(N(C)C(=N)N(CC)c2cccc3ccccc23)c1,2290.0,2.29e-06,5.640164517660112
CHEMBL545545,CCc1cccc(N(C)C(=N)Nc2ccc(Cl)c(Cl)c2)c1.Cl,39.0,3.900000000000001e-08,7.4089353929735005
CHEMBL1196,CCCOc1ccc(C(=O)OCCN(CC)CC)cc1N,238.0,2.3800000000000001e-07,6.623423042943488
CHEMBL545312,CCc1cccc(N(C)C(=N)Nc2cc(SC)cc(SC)c2Cl)c1.Cl,480.0,4.800000000000001e-07,6.318758762624412
CHEMBL1744001,CCCCCCN1CCC2(CCCc3ccccc32)CC1.Cl,2.884,2.884e-09,8.54000474395261
CHEMBL126086,COc1ccc(C(=O)CCN2CC=C(c3ccc(Cl)cc3)CC2)cc1OC,495.0,4.95e-07,6.305394801066432
CHEMBL121919,c1cc2c(cn1)CCCC2,56.0,5.600000000000001e-08,7.251811972993799
CHEMBL174083,COc1ccccc1N1CCN(CCCC2CCCc3ccsc32)CC1,9.7,9.7e-09,8.013228265733755
CHEMBL128999,CCCCCCCCC(Cc1ccc(OC)c(OCCc2ccccc2)c1)NCCC,170.0,1.7000000000000001e-07,6.769551078621726
CHEMBL81594,N=C(Nc1ccccc1-c1ccccc1)Nc1ccccc1-c1ccccc1,8110.0,8.11e-06,5.090979145788844
CHEMBL128254,CCCCC(N)Cc1ccc(OC)c(OCCc2ccccc2)c1,160.0,1.6e-07,6.795880017344075
CHEMBL6224,C1=C(c2ccccc2)CCNC1,1000.0,1.0000000000000002e-06,6.0
CHEMBL37149,O=c1cc(C2CCCCC2)oc2ccc(OCCCCCN3CCC(O)CC3)cc12,217.0,2.1700000000000002e-07,6.66354026615147
CHEMBL545689,Cl.c1coc(CN2CC[C@H]3c4ccccc4CC[C@H]3C2)c1,6.607,6.607000000000001e-09,8.179995693191682
CHEMBL88639,CN(C(=N)Nc1cccc(N)c1)c1cccc2ccccc12,13000.0,1.3e-05,4.886056647693163
CHEMBL265549,CN(C(=N)Nc1cccc([N+](=O)[O-])c1)c1cccc2ccccc12,2640.0,2.64e-06,5.578396073130169
CHEMBL545682,Cl.c1ccc(CN2CC[C@H]3c4ccccc4CC[C@H]3C2)cc1,1.82,1.82e-09,8.739928612014925
CHEMBL14376,COc1cc(C(C)=O)ccc1OCCCN1CCC(c2noc3cc(F)ccc23)CC1,64.0,6.4e-08,7.1938200260161125
CHEMBL58283,O=C(NC(CCCN1CCN(c2ncc(F)cn2)CC1)C1CCCCC1)c1ccc(F)cc1,2.0,2e-09,8.698970004336019
CHEMBL114280,Oc1nc2ccccc2n1CCCNCc1cc2c(cc1Cl)OCO2,328.0,3.28e-07,6.484126156288321
CHEMBL4297224,CN(C)CC1CCOC1(c1ccccc1)c1ccccc1,860.0,8.6e-07,6.0655015487564325
CHEMBL338858,CCCC(N)(CCC)Cc1ccc(OC)c(OCCc2ccccc2)c1.O=C(O)/C=C/C(=O)O,1000.0,1.0000000000000002e-06,6.0
CHEMBL926,CC(CCc1ccc(O)cc1)NCCc1ccc(O)c(O)c1,2518.0,2.5180000000000003e-06,5.598944274228156
CHEMBL542784,COc1ccc(CCN)cc1OCCc1ccccc1.Cl,1000.0,1.0000000000000002e-06,6.0
CHEMBL366167,CN(CCCCN1C(=O)[C@@H]2Cc3ccccc3CN2C1=O)Cc1ccccc1,4.2,4.2e-09,8.3767507096021
CHEMBL196988,O=C1[C@@H]2Cc3ccccc3CN2C(=O)N1CCCNCc1ccccc1,9.6,9.6e-09,8.017728766960431
CHEMBL415077,N=C(Nc1ccccc1-c1ccccc1)NC12CC3CC(CC(C3)C1)C2,300.0,3.0000000000000004e-07,6.522878745280337
CHEMBL37186,CN(C)CCCCCCCOc1ccc2oc(-c3ccccc3)cc(=O)c2c1,165.0,1.65e-07,6.782516055786093
CHEMBL40113,Cc1c(C2CCCCC2)oc2ccc(OCCCCCCN3CCC(O)CC3)cc2c1=O,84.0,8.400000000000001e-08,7.075720713938118
CHEMBL177952,COc1ccc2c(c1)CCCC2CCCCN1CCC(C)CC1,11.3,1.1300000000000002e-08,7.94692155651658
CHEMBL1744017,CCCCN1CCC2(CCc3ccccc32)CC1.Cl,2.042,2.0419999999999998e-09,8.689944262249108
CHEMBL59006,NC(CCCN1CCN(c2ncc(F)cn2)CC1)C1CCCCC1,52.0,5.2e-08,7.2839966563652
CHEMBL545311,CCc1cccc(N(C)C(=N)Nc2cc(SC)cc(SC)c2Br)c1.Cl,1034.0,1.034e-06,5.985479461242076
CHEMBL305187,CC(C(O)c1ccc(O)cc1)N1CCC(Cc2ccccc2)CC1,3.9,3.9e-09,8.4089353929735
CHEMBL119867,c1csc(CCCCN2C3CCC2c2c([nH]c4ccccc24)C3)c1,21.0,2.1000000000000003e-08,7.67778070526608
CHEMBL2391353,O=C(CN1CCN2CCC[C@H]2C1)NC1CCCCC1,2250.0,2.25e-06,5.647817481888637
CHEMBL340587,CCCCC(Cc1ccc(OC)c(OCCc2ccccc2)c1)N(CCC)CCC,29.0,2.9e-08,7.5376020021010435
CHEMBL545777,CCc1cccc(N(C)C(=N)Nc2cc(Br)cc([S+](C)[O-])c2Br)c1.Cl,1947.0,1.947e-06,5.710634048479968
CHEMBL289924,O=c1cc(-c2ccncc2)oc2ccc(OCCCCCCN3CCC(O)CC3)cc12,159.0,1.59e-07,6.798602875679548
CHEMBL2093875,COc1ccc2c(c1)[C@H]1CCN(C)C[C@@H]1CC2.Cl,338.84,3.3884e-07,6.470005326930858
CHEMBL39445,O=c1cc(-c2ccccc2)oc2ccc(OCCCCCCN3CCC(O)CC3)cc12,100.0,1.0000000000000001e-07,7.0
CHEMBL194967,O=C1[C@@H]2Cc3ccccc3CN2C(=O)N1CCCN1CCN(Cc2ccccc2)CC1,32.0,3.2e-08,7.494850021680094
CHEMBL553535,Cl.N=C(NC12CC3CC(CC(C3)C1)C2)NC12CC3CC(CC(C3)C1)C2,16.0,1.6e-08,7.795880017344075
CHEMBL545007,Cl.N=C(NC1C[C@H]1c1ccccc1)NC12CC3CC(CC(C3)C1)C2,120.0,1.2000000000000004e-07,6.920818753952375
CHEMBL79616,N=C(N)N(c1ccccc1)c1ccccc1,100000.0,0.0001,4.0
CHEMBL119048,c1ccc(OCCCN2C3CCC2c2c([nH]c4ccccc24)C3)cc1,132.0,1.3200000000000004e-07,6.87942606879415
CHEMBL40676,O=c1cc(-c2ccccc2)oc2ccc(OCCCCCCN3CCCCC3)cc12,101.0,1.01e-07,6.995678626217358
