molecule_chembl_id,canonical_smiles,standard_value
CHEMBL67010,C/C(=N\C1CCCCC1)NC12CC3CC(CC(C3)C1)C2,72.0
CHEMBL542638,C/C(=N\C12CC3CC(CC(C3)C1)C2)Nc1ccccc1C.Cl,6.0
CHEMBL544054,C/C(=N\C1CCCCC1)Nc1ccccc1C.Cl,9.0
CHEMBL67388,C/C(=N\C12CC3CC(CC(C3)C1)C2)NC12CC3CC(CC(C3)C1)C2,16.0
CHEMBL538754,C/C(=N\c1ccccc1C)Nc1ccccc1C.Cl,15.0
CHEMBL63508,C/C(=N\C1CC2CCC1C2)Nc1ccccc1C,9.0
CHEMBL67665,C/C(=N\c1ccc(Br)cc1C)Nc1ccc(Br)cc1C,26.0
CHEMBL282433,Cc1ccccc1NC(=N)Nc1ccccc1C,32.0
CHEMBL159967,Fc1ccc(C(OCCN2CCN(C/C=C/c3ccco3)CC2)c2ccc(F)cc2)cc1,43.0
CHEMBL26320,c1ccc(CCCN2CCN(CCOC(c3ccccc3)c3ccccc3)CC2)cc1,17.0
CHEMBL159608,Fc1ccc(C(OCCN2CCN(CCCc3cccnc3)CC2)c2ccc(F)cc2)cc1,79.0
CHEMBL159320,Fc1ccc(C(OCCN2CCN(C/C=C/c3cccs3)CC2)c2ccc(F)cc2)cc1,41.0
CHEMBL164037,Fc1ccc(C(OCCN2CCN(C/C=C/c3cccnc3)CC2)c2ccc(F)cc2)cc1,59.0
CHEMBL281594,Fc1ccc(C(OCCN2CCN(CCCc3ccccc3)CC2)c2ccc(F)cc2)cc1,43.0
CHEMBL159319,Fc1ccc(C(OCCN2CCN(CCCc3ccco3)CC2)c2ccc(F)cc2)cc1,62.0
CHEMBL286991,Fc1ccc(C(OCCN2CCN(C/C=C/c3ccccc3)CC2)c2ccc(F)cc2)cc1,51.0
CHEMBL163980,Fc1ccc(C(OCCN2CCN(CCCc3cccs3)CC2)c2ccc(F)cc2)cc1,38.0
CHEMBL607159,CN(C(=O)Nc1ccc(Cl)c(Cl)c1)[C@@H]1CCCC[C@@H]1N1CCCC1,5303.0
CHEMBL607212,CN(C(=O)COc1cccc(Cl)c1Cl)[C@@H]1CCCC[C@@H]1N1CCCC1,42.0
CHEMBL301867,CN(C(=O)Cc1ccc(Cl)c(Cl)c1)[C@@H]1CCCC[C@@H]1N1CCCC1,194.0
CHEMBL607273,CN(C(=O)CSc1ccccc1)[C@@H]1CCCC[C@@H]1N1CCCC1,200.0
CHEMBL2303661,CN(CCc1ccc(Cl)c(Cl)c1)C1CCCCC1N1CCCC1,2.0
CHEMBL607450,CN(C(=O)Cc1ccc(Cl)cc1Cl)[C@@H]1CCCC[C@@H]1N1CCCC1,278.0
CHEMBL607211,CN(/C(S)=N/c1ccc(Cl)c(Cl)c1)[C@@H]1CCCC[C@@H]1N1CCCC1,3267.0
CHEMBL607276,CN(C(=O)c1ccc(Cl)c(Cl)c1)[C@H]1CCCC[C@H]1N1CCCC1,7551.0
CHEMBL606887,CN(C(=O)Cc1cccs1)[C@H]1CCCC[C@H]1N1CCCC1,1516.0
CHEMBL607448,COc1cc(CC(=O)N(C)[C@@H]2CCCC[C@@H]2N2CCCC2)cc(OC)c1OC,302.0
CHEMBL606891,CN(C(=O)c1cccc2ccccc12)[C@H]1CCCC[C@H]1N1CCCC1,2593.0
CHEMBL607392,CN(C(=O)Cc1cccc([N+](=O)[O-])c1)[C@@H]1CCCC[C@@H]1N1CCCC1,1609.0
CHEMBL607210,CN(C(=O)COc1cc(Cl)c(Cl)cc1Cl)[C@@H]1CCCC[C@@H]1N1CCCC1,128.0
CHEMBL607452,CN(C(=O)Cc1cc(Cl)c(Cl)cc1[N+](=O)[O-])[C@@H]1CCCC[C@@H]1N1CCCC1,5952.0
CHEMBL606889,CN(C(=O)CCCOc1ccc(Cl)cc1Cl)[C@H]1CCCC[C@H]1N1CCCC1,418.0
CHEMBL606835,CN(C(=O)Cc1ccc([N+](=O)[O-])cc1)[C@@H]1CCCC[C@@H]1N1CCCC1,2374.0
CHEMBL607213,COc1cc(CCC(=O)N(C)[C@@H]2CCCC[C@@H]2N2CCCC2)cc(OC)c1OC,2670.0
CHEMBL606890,CN(C(=O)C1(c2ccccc2)CC1)[C@H]1CCCC[C@H]1N1CCCC1,6058.0
CHEMBL606834,COc1ccccc1CC(=O)N(C)[C@@H]1CCCC[C@@H]1N1CCCC1,208.0
CHEMBL606783,CN(C(=O)Cc1c(Cl)cccc1Cl)[C@@H]1CCCC[C@@H]1N1CCCC1,1385.0
CHEMBL607158,CN(C(=O)/C=C/c1ccc(Cl)c(Cl)c1)[C@@H]1CCCC[C@@H]1N1CCCC1,3650.0
CHEMBL607333,CN(C(=O)COc1ccc(Cl)cc1Cl)[C@@H]1CCCC[C@@H]1N1CCCC1,76.0
CHEMBL607449,CN(C(=O)Cc1cc(Cl)c(Cl)cc1N)[C@@H]1CCCC[C@@H]1N1CCCC1,12.0
CHEMBL606784,COc1cccc(CC(=O)N(C)[C@@H]2CCCC[C@@H]2N2CCCC2)c1,211.0
CHEMBL607332,CN(C(=O)Cc1cccc2ccccc12)[C@H]1CCCC[C@H]1N1CCCC1,77.0
CHEMBL607278,CN(CCc1ccccc1)[C@H]1CCCC[C@H]1N1CCCC1,125.0
CHEMBL606937,CN(CCc1ccc2ccccc2c1)[C@H]1CCCC[C@H]1N1CCCC1,37.0
CHEMBL607274,CN(C(=O)Cc1ccc(Br)cc1)[C@@H]1CCCC[C@@H]1N1CCCC1,228.0
CHEMBL607157,CN(C(=O)COc1ccccc1)[C@@H]1CCCC[C@@H]1N1CCCC1,1247.0
CHEMBL607214,CN(C(=O)CCc1ccccc1)[C@@H]1CCCC[C@@H]1N1CCCC1,1335.0
CHEMBL607275,CN(C(=O)COc1ccc(Cl)c(Cl)c1)[C@@H]1CCCC[C@@H]1N1CCCC1,110.0
CHEMBL606838,CN(C(=O)Cc1ccsc1)[C@H]1CCCC[C@H]1N1CCCC1,2100.0
CHEMBL2374421,CN([C@H]1CCCC[C@H]1N1CCCC1)S(=O)(=O)c1ccccc1,966.0
CHEMBL607335,CN(C(=O)Cc1ccccc1Cl)[C@@H]1CCCC[C@@H]1N1CCCC1,870.0
CHEMBL607451,COc1ccc(CC(=O)N(C)[C@@H]2CCCC[C@@H]2N2CCCC2)cc1,196.0
CHEMBL607391,CN(C(=O)Cc1ccccc1)[C@@H]1CCCC[C@@H]1N1CCCC1,1155.0
CHEMBL607156,CN(C(=O)OCc1ccccc1)[C@@H]1CCCC[C@@H]1N1CCCC1,928.0
CHEMBL607390,CN(C(=O)Cc1ccc(Cl)cc1)[C@@H]1CCCC[C@@H]1N1CCCC1,224.0
CHEMBL545212,C=CCCN1CC[C@H]2c3ccccc3CC[C@H]2C1.Cl,1.738
CHEMBL555890,Cl.c1ccc2c(c1)CCCC1CN(C3CCCCC3)CCC21,1.413
CHEMBL539260,Cl.c1ccc(CCCN2CC[C@H]3c4ccccc4CC[C@H]3C2)cc1,4.266
CHEMBL555401,CCCN1CC[C@H]2c3ccccc3CC[C@H]2C1.Cl,2.57
CHEMBL541052,COc1ccc(CN2CC[C@H]3c4ccccc4CC[C@H]3C2)cc1.Cl,1.995
CHEMBL545447,Cl.O=[N+]([O-])c1ccc(CCN2CC[C@H]3c4ccccc4CC[C@H]3C2)cc1,3.467
CHEMBL545448,CN1CC[C@H]2c3ccccc3CC[C@H]2C1.Cl,338.84
CHEMBL545689,Cl.c1coc(CN2CC[C@H]3c4ccccc4CC[C@H]3C2)c1,6.607
CHEMBL2093875,COc1ccc2c(c1)[C@H]1CCN(C)C[C@@H]1CC2.Cl,338.84
CHEMBL555398,Cl.Clc1ccc(CN2CC[C@H]3c4ccccc4CC[C@H]3C2)cc1,4.677
CHEMBL2093876,CN1CC[C@@H]2c3ccccc3CC[C@H]2C1.Cl,446.68
CHEMBL555581,CCCCN1CCC2c3ccccc3CCCC2C1.Cl,2.138
CHEMBL539504,COc1ccc2c(c1)C1=C(CC2)CN(C)CC1.Cl,3467.37
CHEMBL545217,CCCCN1CCC2=C(CCCc3ccccc32)C1.Cl,3.981
CHEMBL542390,CCCN1CCC2=C(CCc3ccccc32)C1.Cl,21.38
CHEMBL555418,COc1ccc2c(c1)[C@@H]1CCN(C)C[C@@H]1CC2.Cl,1174.9
CHEMBL540274,Cl.c1ccc(CCN2CC[C@H]3c4ccccc4CC[C@H]3C2)cc1,0.3236
CHEMBL553561,Cl.c1ccc2c(c1)CC[C@H]1CN(C34C[C@H]5C[C@@H](C3)C[C@@H](C4)C5)CC[C@@H]21,2.291
CHEMBL545687,CCCCN1CCC2c3ccccc3CC2C1.Cl,10.96
CHEMBL554388,Cl.c1csc(CN2CC[C@H]3c4ccccc4CC[C@H]3C2)c1,7.079
CHEMBL544282,CCCCN1CC[C@H]2c3ccccc3CC[C@H]2C1.Cl,6.31
CHEMBL544280,CC(C)(C)c1ccc(CN2CC[C@H]3c4ccccc4CC[C@H]3C2)cc1.Cl,97.72
CHEMBL544747,Cl.O=[N+]([O-])c1ccc(CN2CC[C@H]3c4ccccc4CC[C@H]3C2)cc1,8.71
CHEMBL544987,Cl.c1ccc2c(c1)CC[C@H]1CN(C3[C@H]4C[C@@H]5C[C@@H](C[C@H]3C5)C4)CC[C@@H]21,2.188
CHEMBL543101,C=CCN1CC[C@H]2c3ccccc3CC[C@H]2C1.Cl,4.571
CHEMBL544281,CC(C)=CCN1CC[C@H]2c3ccccc3CC[C@H]2C1.Cl,1.175
CHEMBL541299,CCCCN1CCC2=C(CCc3ccccc32)C1.Cl,7.586
CHEMBL545688,CCCCN1CCC2=C(Cc3ccccc32)C1.Cl,1.862
CHEMBL543810,Cl.c1ccc2c(c1)CC[C@H]1CN(CC3CC3)CC[C@@H]21,2.455
CHEMBL553265,Cl.c1ccc2c(c1)CC[C@H]1CN(C3CCCCC3)CC[C@@H]21,0.2512
CHEMBL554988,Cl.c1ccc(CCN2CCC3=C(CCc4ccccc43)C2)cc1,16.6
CHEMBL544748,CCCCN1CC[C@H]2c3cc(C)cc(C)c3CC[C@H]2C1.Cl,2.042
CHEMBL542387,Cl.c1ccc2c(c1)CC[C@H]1CN(Cc3ccc4ccccc4c3)CC[C@@H]21,81.28
CHEMBL545682,Cl.c1ccc(CN2CC[C@H]3c4ccccc4CC[C@H]3C2)cc1,1.82
CHEMBL542140,Cl.c1ccc(CN2CC[C@H]3c4ccccc4CC[C@H]3C2)nc1,16.6
CHEMBL2093874,CCCCN1CC[C@@H]2c3ccccc3CC[C@H]2C1.Cl,3.09
CHEMBL542786,CCCNCCc1ccc(OC)c(OCCc2ccccc2)c1.Cl,34.0
CHEMBL341003,CCCC(Cc1ccc(OC)c(OCCc2ccccc2)c1)N(CCC)CCC,9.5
CHEMBL1744017,CCCCN1CCC2(CCc3ccccc32)CC1.Cl,2.042
CHEMBL338781,CCCCCCCC(N)Cc1ccc(OC)c(OCCc2ccccc2)c1,420.0
CHEMBL128799,CCCNC(CCC)Cc1ccc(OC)c(OCCc2ccccc2)c1,4.5
CHEMBL541091,CCCCC(Cc1ccc(OC)c(OCCc2ccccc2)c1)NCCC.Cl,210.0
CHEMBL553962,CCCCCC(Cc1ccc(OC)c(OCCc2ccccc2)c1)NCCC.Cl,1.5
CHEMBL64511,c1ccc(CN2CCC3(CCCc4ccccc43)CC2)nc1,11.22
CHEMBL1744014,Cl.c1ccc(CCN2CCC3(CCc4ccccc43)CC2)cc1,2.754
CHEMBL1743991,Cl.c1ccc2c(c1)CCCC21CCN(CC2CCCO2)CC1,5.495
CHEMBL545760,CCCNC(C)Cc1ccc(OC)c(OCCc2ccccc2)c1.Cl,10.0
CHEMBL128717,CCCN(CCC)C(CC)Cc1ccc(OC)c(OCCc2ccccc2)c1,5.7
CHEMBL128860,CCCCC(Cc1ccc(OC)c(OCCc2ccccc2)c1)NCCC,2.1
CHEMBL1788383,Cl.c1ccc(CN2CCC3(CCc4ccccc43)CC2)cc1,0.7244
CHEMBL542470,CCCCCC(Cc1ccc(OC)c(OCCc2ccccc2)c1)N(CCC)CCC.Cl,30.0
CHEMBL1744001,CCCCCCN1CCC2(CCCc3ccccc32)CC1.Cl,2.884
CHEMBL1743997,C=CCN1CCC2(CCCc3ccccc32)CC1.Cl,18.2
CHEMBL1744010,CCCCN1CCC2(CCCCc3ccccc32)CC1.Cl,4.786
CHEMBL1743995,Cl.Clc1ccc(CN2CCC3(CCCc4ccccc43)CC2)cc1,6.761
CHEMBL11311,COc1ccc(CCN2CCCC2)cc1OCCc1ccccc1.O=C(O)C(=O)O,110.0
CHEMBL127720,CCCN(CCC)C(C)Cc1ccc(OC)c(OCCc2ccccc2)c1,12.0
CHEMBL1743994,Cl.c1csc(CN2CCC3(CCCc4ccccc43)CC2)c1,6.31
CHEMBL1744013,Cl.Oc1ccc2c(c1)C1(CCC2)CCN(Cc2ccccc2)CC1,69.18
CHEMBL542784,COc1ccc(CCN)cc1OCCc1ccccc1.Cl,1000.0
CHEMBL1744004,Cl.c1ccc(CN2CCC3(CCc4ccccc43)CC2)nc1,16.22
CHEMBL1256916,Cl.c1ccc(CN2CCC3(CCCc4ccccc43)CC2)cc1,3.802
CHEMBL339253,CCCCCCC(N)Cc1ccc(OC)c(OCCc2ccccc2)c1,170.0
CHEMBL127899,CCCNC(CC)Cc1ccc(OC)c(OCCc2ccccc2)c1,8.0
CHEMBL540331,CCCNC(CCC(C)C)Cc1ccc(OC)c(OCCc2ccccc2)c1.Cl,1.8
CHEMBL1788382,CC(C)=CCN1CCC2(CCc3ccccc32)CC1.Cl,1.175
CHEMBL1744008,Cl.c1ccc2c(c1)CCCC21CCN(CC2CC2)CC1,10.23
CHEMBL1744011,Cl.c1ccc(CN2CCC3(CCCCc4ccccc43)CC2)cc1,6.761
CHEMBL553841,CCCC(N)Cc1ccc(OC)c(OCCc2ccccc2)c1.Cl,330.0
CHEMBL128998,CCCCCCCCC(Cc1ccc(OC)c(OCCc2ccccc2)c1)N(CCC)CCC,1000.0
CHEMBL341508,CCCCCCCCC(N)Cc1ccc(OC)c(OCCc2ccccc2)c1,1000.0
CHEMBL538845,COc1ccc(CC(N)CCC(C)C)cc1OCCc1ccccc1.Cl,130.0
CHEMBL340275,CCCCCCC(Cc1ccc(OC)c(OCCc2ccccc2)c1)N(CCC)CCC,150.0
CHEMBL1743998,Cc1ccc2c(c1)CCCC21CCN(Cc2ccccc2)CC1.Cl,5.495
CHEMBL1744015,CCCCCCN1CCC2(CCc3ccccc32)CC1.Cl,1.514
CHEMBL538290,CCC(N)Cc1ccc(OC)c(OCCc2ccccc2)c1.Cl,1000.0
CHEMBL1788381,CCCCN1CCC2(CCCc3ccccc32)CC1.Cl,1.202
CHEMBL421446,CCCCCCCC(Cc1ccc(OC)c(OCCc2ccccc2)c1)NCCC,13.0
CHEMBL128944,CCCCCCCC(Cc1ccc(OC)c(OCCc2ccccc2)c1)N(CCC)CCC,230.0
CHEMBL1743996,C=CCCN1CCC2(CCCc3ccccc32)CC1.Cl,6.607
CHEMBL1743992,Cl.O=[N+]([O-])c1ccc(CN2CCC3(CCCc4ccccc43)CC2)cc1,14.13
CHEMBL339638,CCCCCCC(Cc1ccc(OC)c(OCCc2ccccc2)c1)NCCC,9.0
CHEMBL128999,CCCCCCCCC(Cc1ccc(OC)c(OCCc2ccccc2)c1)NCCC,170.0
CHEMBL340587,CCCCC(Cc1ccc(OC)c(OCCc2ccccc2)c1)N(CCC)CCC,29.0
CHEMBL1744002,COc1ccc(CN2CCC3(CCCc4ccccc43)CC2)cc1.Cl,1.66
CHEMBL1743993,Cl.c1coc(CN2CCC3(CCCc4ccccc43)CC2)c1,9.55
CHEMBL1744016,COc1ccc(CN2CCC3(CCc4ccccc43)CC2)cc1.Cl,3.467
CHEMBL62770,CC(C)=CCN1CCC2(CCCc3ccccc32)CC1,1.047
CHEMBL1744003,Cc1ccc(CN2CCC3(CCCc4ccccc43)CC2)cc1.Cl,1.413
CHEMBL1743999,Cl.c1ccc2c(c1)CCC21CCN(CC2CCCCC2)CC1,1.349
CHEMBL338858,CCCC(N)(CCC)Cc1ccc(OC)c(OCCc2ccccc2)c1.O=C(O)/C=C/C(=O)O,1000.0
CHEMBL521582,CCCN(CCC)CCc1ccc(OC)c(OCCc2ccccc2)c1.Cl,1.3
CHEMBL543896,CCCCCC(N)Cc1ccc(OC)c(OCCc2ccccc2)c1.Cl,110.0
CHEMBL1744000,Cl.c1ccc2c(c1)CCCC21CCN(CC2CCCCC2)CC1,2.291
CHEMBL128254,CCCCC(N)Cc1ccc(OC)c(OCCc2ccccc2)c1,160.0
CHEMBL1744009,Cl.c1ccc(CCN2CCC3(CCCc4ccccc43)CC2)cc1,5.012
CHEMBL1744006,Cc1ccc(CN2CCC3(CCc4ccccc43)CC2)cc1.Cl,5.888
CHEMBL1744005,Cl.c1ccc2c(c1)CCC21CCN(CC2CCCO2)CC1,3.162
CHEMBL1744012,COc1ccc2c(c1)C1(CCC2)CCN(Cc2ccccc2)CC1.Cl,74.13
CHEMBL1744007,Cl.Clc1ccc2c(c1)CCCC21CCN(Cc2ccccc2)CC1,6.761
CHEMBL555052,COc1ccc(CC(C)N)cc1OCCc1ccccc1.Cl,1000.0
CHEMBL542481,CCc1cccc(NC(=N)Nc2cc(Br)cc(CC)c2Br)c1.Cl,18.2
CHEMBL552605,CCc1cccc(N(C)C(=N)Nc2cc(CC)cc(OC(F)(F)F)c2Br)c1.Cl,261.0
CHEMBL543200,CCc1cccc(N(C)C(=N)Nc2cc(SC)cc(Br)c2Cl)c1.Cl,494.0
CHEMBL543673,CCc1cccc(N(C)C(=N)Nc2cc(Cl)ccc2Cl)c1.Cl,28.5
CHEMBL541860,CCc1cccc(NC(=N)Nc2ccccc2C(C)C)c1.Cl,20.6
CHEMBL542736,CCc1cccc(NC(=N)Nc2cc(C(F)(F)F)cc(CC)c2Cl)c1.Cl,17.3
CHEMBL553747,CCc1cccc(N(C)C(=N)Nc2cc(Br)cc(C(F)(F)F)c2Br)c1.Cl,224.0
CHEMBL541848,CCc1cccc(N(C)C(=N)Nc2cc(Br)cc(OC(F)(F)F)c2Br)c1.Cl,113.0
CHEMBL543432,CCc1cccc(NC(=N)Nc2ccc(Cl)cc2)c1.Cl,20.0
CHEMBL542964,CCc1cccc(N(C)C(=N)Nc2ccccc2)c1.Cl,42.8
CHEMBL542486,CCc1cccc(N(C)C(=N)N(C)c2cc(Br)ccc2Br)c1.Cl,381.0
CHEMBL543431,CCc1cccc(NC(=N)Nc2ccc(Cl)c(Cl)c2)c1.Cl,31.8
CHEMBL545076,CCc1cccc(N(C)C(=N)N(C)c2cc(CC)ccc2Cl)c1.Cl,241.0
CHEMBL542487,CCc1cccc(NC(=N)Nc2cc(CC)cc(CC)c2Cl)c1.Cl,4.5
CHEMBL543427,CCc1cccc(NC(=N)Nc2cc(SC)cc(CC)c2Cl)c1.Cl,15.8
CHEMBL543664,CCc1cccc(N(C)C(=N)Nc2cc(CC)cc(C(F)(F)F)c2Br)c1.Cl,221.0
CHEMBL543196,CCc1cccc(N(C)C(=N)Nc2cc(Br)cc(SC)c2Br)c1.Cl,113.0
CHEMBL554618,CCc1cccc(N(C)C(=N)Nc2ccccc2Cl)c1.Cl,71.8
CHEMBL544842,CCc1cccc(NC(=N)Nc2cccc(Br)c2)c1.Cl,10.3
CHEMBL545544,CCc1cccc(N(C)C(=N)Nc2cc(C)cc(CC)c2Cl)c1.Cl,45.3
CHEMBL543434,CCc1cccc(NC(=N)N(C)c2cccc(CC)c2)c1.Cl,82.0
CHEMBL545769,CCc1cccc(N(C)C(=N)Nc2cccc(SC)c2)c1.Cl,164.0
CHEMBL542491,CCc1cccc(NC(=N)Nc2cccc(Cl)c2Cl)c1.Cl,13.3
CHEMBL545311,CCc1cccc(N(C)C(=N)Nc2cc(SC)cc(SC)c2Br)c1.Cl,1034.0
CHEMBL539299,CCc1cccc(NC(=N)Nc2ccc(Cl)cc2Cl)c1.Cl,36.5
CHEMBL543436,CCc1cccc(N(C)C(=N)Nc2cc(C(F)(F)F)cc(CC)c2Cl)c1.Cl,115.0
CHEMBL545537,CCc1cccc(N(C)C(=N)Nc2cc(SC)cc(C(F)(F)F)c2Br)c1.Cl,755.0
CHEMBL543201,CCc1cccc(NC(=N)Nc2cccc(CC)c2)c1.Cl,30.1
CHEMBL553034,CCc1cccc(NC(=N)Nc2cc(CC)cc(CC)c2Br)c1.Cl,5.7
CHEMBL540838,CCc1cccc(N(C)C(=N)Nc2cc(CC)cc(SC)c2Br)c1.Cl,180.0
CHEMBL542957,CCc1cccc(N(C)C(=N)Nc2ccccc2I)c1.Cl,234.0
CHEMBL543428,CCc1cccc(N(C)C(=N)Nc2cc(CC)cc(CC)c2Cl)c1.Cl,112.0
CHEMBL543199,CCc1cccc(N(C)C(=N)Nc2cc(SC)cc(C(F)(F)F)c2Cl)c1.Cl,421.0
CHEMBL542730,CCc1cccc(NC(=N)Nc2cc(C)cc(CC)c2Cl)c1.Cl,30.7
CHEMBL555606,CCc1cccc(N(C)C(=N)Nc2cc(CC)cc(SC)c2Cl)c1.Cl,178.0
CHEMBL544142,CCc1cccc(N(C)C(=N)Nc2cc(Br)cc(S(C)(=O)=O)c2Br)c1.Cl,3378.0
CHEMBL545777,CCc1cccc(N(C)C(=N)Nc2cc(Br)cc([S+](C)[O-])c2Br)c1.Cl,1947.0
CHEMBL2093907,CCc1cccc(N(C)C(=N)Nc2cc(SC)cc(CC)c2Br)c1.Cl,299.0
CHEMBL554868,CCc1cccc(N(C)C(=N)Nc2cc(Cl)cc(SC)c2Cl)c1.Cl,130.0
CHEMBL539549,CCc1cccc(N(C)C(=N)Nc2ccc(Cl)cc2)c1.Cl,45.7
CHEMBL545310,CCc1cccc(NC(=N)Nc2ccccc2Cl)c1.Cl,15.9
CHEMBL553312,CCc1cccc(NC(=N)Nc2cc(Cl)ccc2Cl)c1.Cl,11.8
CHEMBL554054,CCc1cccc(N(C)C(=N)Nc2cccc3ccccc23)c1.Cl,2535.0
CHEMBL545312,CCc1cccc(N(C)C(=N)Nc2cc(SC)cc(SC)c2Cl)c1.Cl,480.0
CHEMBL540831,CCc1cccc(N(C)C(=N)Nc2cc(C(F)(F)F)cc(CC)c2F)c1.Cl,79.0
CHEMBL556043,CCc1cccc(NC(=N)Nc2ccccc2C)c1.Cl,10.8
CHEMBL538289,CCc1cccc(N(C)C(=N)Nc2ccccc2C(C)C)c1.Cl,362.0
CHEMBL543192,CCc1cccc(N(C)C(=N)Nc2cc(CC)cc(CC)c2Br)c1.Cl,203.0
CHEMBL538052,CCc1cccc(N(C)C(=N)Nc2cc(SC)cc(CC)c2Cl)c1.Cl,309.0
CHEMBL538283,CCc1cccc(N(C)C(=N)Nc2cccc(Br)c2)c1.Cl,40.0
CHEMBL545079,CCc1cccc(N(C)C(=N)Nc2cc(CC)cc(C(F)(F)F)c2Cl)c1.Cl,200.0
CHEMBL545545,CCc1cccc(N(C)C(=N)Nc2ccc(Cl)c(Cl)c2)c1.Cl,39.0
CHEMBL538036,CCc1cccc(NC(=N)Nc2ccccc2CC)c1.Cl,18.5
CHEMBL544144,CCc1cccc(N(C)C(=N)Nc2cc(C(F)(F)F)cc(CC)c2Br)c1.Cl,205.0
CHEMBL545542,CCc1cccc(N(C)C(=N)Nc2cc(Br)cc(CC)c2Br)c1.Cl,40.2
CHEMBL552829,CCc1cccc(NC(=N)Nc2cc(CC)cc(CC)c2F)c1.Cl,7.4
CHEMBL540326,CCc1cccc(N(C)C(=N)Nc2cc(Cl)cc(C(F)(F)F)c2Cl)c1.Cl,110.0
CHEMBL542959,CCc1cccc(NC(=N)Nc2cc(Cl)cc(Cl)c2)c1.Cl,69.9
CHEMBL555698,CCc1cccc(N(C)C(=N)Nc2cccc(Cl)c2Cl)c1.Cl,97.0
CHEMBL552831,CCc1cccc(NC(=N)Nc2cc(CC)cc(CC)c2)c1.Cl,8.0
CHEMBL553749,CCc1cccc(NC(=N)Nc2cc(C(F)(F)F)cc(CC)c2Br)c1.Cl,19.6
CHEMBL542478,CCc1cccc(NC(=N)N(C)c2cc(CC)ccc2Cl)c1.Cl,156.0
CHEMBL555091,CCc1cccc(N(C)C(=N)Nc2cccc(Cl)c2)c1.Cl,43.5
CHEMBL540841,CCc1cccc(NC(=N)Nc2cc(C(F)(F)F)cc(CC)c2F)c1.Cl,23.9
CHEMBL553167,CCc1cccc(NC(=N)N(C)c2cc(Cl)ccc2Cl)c1.Cl,64.0
CHEMBL543433,CCc1cccc(NC(=N)Nc2c(Cl)cccc2Cl)c1.Cl,14.4
CHEMBL555099,CCc1cccc(N(C)C(=N)Nc2ccccc2Br)c1.Cl,125.0
CHEMBL542238,CCc1cccc(N(C)C(=N)Nc2cc(CC)cc(CC)c2F)c1.Cl,113.0
CHEMBL542956,CCc1cccc(N(C)C(=N)N(C)c2cc(Cl)ccc2Cl)c1.Cl,39.3
CHEMBL554355,CCc1cccc(NC(=N)Nc2cccc(Cl)c2)c1.Cl,27.0
CHEMBL87321,CNC1Cc2cc(Cl)c(O)cc2C(c2ccccc2)C1,21.1
CHEMBL553745,CN(C)C1Cc2ccccc2C(c2ccccc2)C1.Cl,3.47
CHEMBL542419,C=CCNC1Cc2ccccc2C(c2ccccc2)C1.Cl,117.0
CHEMBL316267,CN(C)[C@H]1CCc2ccccc2[C@H]1c1ccccc1,2755.0
CHEMBL543134,Br.CN(C)C1Cc2cc(O)c(O)cc2C(c2ccccc2)C1,34.3
CHEMBL544309,CCN(CC)C1Cc2ccccc2C(c2ccccc2)C1.Cl,4.49
CHEMBL544078,Cl.NC1Cc2ccccc2C(c2ccccc2)C1,3305.0
CHEMBL540038,C=CCN(C)C1Cc2ccccc2C(c2ccccc2)C1.Cl,8.9
CHEMBL542167,CN(C)[C@@]1(C)Cc2ccccc2[C@H](c2ccccc2)C1.Cl,0.51
CHEMBL538263,Br.NC1Cc2cc(O)c(O)cc2C(c2ccccc2)C1,10000.0
CHEMBL545477,CN(C)[C@H]1Cc2cc(Cl)c(O)cc2[C@H](c2ccccc2)C1.Cl,0.29
CHEMBL2093895,CN(C)[C@]1(C)Cc2ccccc2[C@@H](c2ccccc2)C1.Cl,9.0
CHEMBL545249,CN(C)C1Cc2cc(Cl)c(O)cc2C(c2ccccc2)C1.Cl,1.4
CHEMBL539274,C=CCN(CC=C)C1Cc2ccccc2C(c2ccccc2)C1.Cl,26.5
CHEMBL14376,COc1cc(C(C)=O)ccc1OCCCN1CCC(c2noc3cc(F)ccc23)CC1,64.0
CHEMBL60872,NC(CCCN1CCN(c2ncc(F)cn2)CC1)c1ccc(F)c2ccccc12,215.0
CHEMBL300150,Fc1ccc(OCCCN2CCN(c3ncc(F)cn3)CC2)cc1,89.0
CHEMBL59006,NC(CCCN1CCN(c2ncc(F)cn2)CC1)C1CCCCC1,52.0
CHEMBL300556,CC(=O)NC(CCCN1CCN(c2ncc(F)cn2)CC1)c1ccc(F)cc1,49.0
CHEMBL58282,O=S(=O)(NC(CCCN1CCN(c2ncc(F)cn2)CC1)C1CCCCC1)c1ccc(F)cc1,504.0
CHEMBL60859,OC(CCCN1CCN(c2ncc(F)cn2)CC1)c1ccc(F)cc1,112.0
CHEMBL61303,O=S(=O)(CCCN1CCN(c2ncc(F)cn2)CC1)c1ccc(F)cc1,45.0
CHEMBL300351,O=S(=O)(NC(CCCN1CCN(c2ncc(F)cn2)CC1)c1ccc(F)cc1)c1ccc(F)cc1,1520.0
CHEMBL301642,CC(=O)OC(CCCN1CCN(c2ncc(F)cn2)CC1)c1ccc(F)cc1,227.0
CHEMBL57297,O=C(OC(CCCN1CCN(c2ncc(F)cn2)CC1)c1ccc(F)cc1)c1ccccc1,3500.0
CHEMBL58283,O=C(NC(CCCN1CCN(c2ncc(F)cn2)CC1)C1CCCCC1)c1ccc(F)cc1,2.0
CHEMBL61177,OC(CCCN1CCN(c2ncc(F)cn2)CC1)c1ccc(F)c2ccccc12,88.0
CHEMBL293364,O=C(NC(CCCN1CCN(c2ncc(F)cn2)CC1)c1ccc(F)cc1)c1ccc(F)cc1,100.0
CHEMBL58566,O=S(=O)(NC(CCCN1CCN(c2ncc(F)cn2)CC1)c1ccc(F)c2ccccc12)c1ccc(F)cc1,1.0
CHEMBL61304,Fc1cnc(N2CCN(CCCCc3ccc(F)c4ccccc34)CC2)nc1,213.0
CHEMBL60814,Fc1ccc(CCCCN2CCN(c3ncc(F)cn3)CC2)cc1,23.0
CHEMBL57606,OC(CCCN1CCN(c2ncc(F)cn2)CC1)C1CCCCC1,12.0
CHEMBL58601,Fc1ccc(SCCCN2CCN(c3ncc(F)cn3)CC2)cc1,51.0
CHEMBL322275,COc1cccc2c1CCCC2CCCN1CCN(c2ccccc2)CC1,198.0
CHEMBL424125,COc1ccc2c(c1)C(CCCN1CCN(c3ccccc3OC)CC1)CCC2,64.1
CHEMBL174300,COc1ccccc1N1CCN(CC/C=C2\CCCc3ccccc32)CC1,55.0
CHEMBL367723,COc1ccc2c(c1)C(CCCN1CCN(c3cccc(C(F)(F)F)c3)CC1)CCC2,87.5
CHEMBL172363,COc1ccc2c(c1)C(CCCCN1CCN(c3ccccc3OC)CC1)CCC2,92.8
CHEMBL171181,COc1ccc2c(c1)C(CCCN1CCN(c3ccccn3)CC1)CCC2,125.0
CHEMBL148055,COc1cccc2c1CCC=C2CCCN1CCN(c2ccccc2)CC1,54.4
CHEMBL444590,COc1cccc2c1CCCC2CCCN1CCN(c2ccccn2)CC1,67.5
CHEMBL108241,COc1ccccc1N1CCN(CCNC2CCCc3c(OC)cccc32)CC1,151.0
CHEMBL54,O=C(CCCN1CCC(O)(c2ccc(Cl)cc2)CC1)c1ccc(F)cc1,5.64
CHEMBL172556,COc1ccc2c(c1)C(SCCN1CCN(c3ccccc3OC)CC1)CCC2,138.0
CHEMBL175300,COc1cccc2c1CCC=C2CCCN1CCN(c2ccccn2)CC1,52.0
CHEMBL140406,COc1cccc2c1CCC/C2=C\CCN1CCN(c2ccccn2)CC1,99.1
CHEMBL366459,COc1ccc2c(c1)C(CCCCN1CCN(c3ccccc3OC)CC1)=CCC2,53.5
CHEMBL172161,COc1ccccc1N1CCN(CCCC2=CCCc3c(OC)cccc32)CC1,33.0
CHEMBL49,O=C1CC2(CCCC2)CC(=O)N1CCCCN1CCN(c2ncccn2)CC1,263.0
CHEMBL367435,COc1ccc2c(c1)C(CCCN1CCN(c3ccccc3OC)CC1)=CCC2,228.0
CHEMBL277302,COc1ccc2c(c1)C(CCCN1CCN(c3ccccn3)CC1)=CCC2,246.0
CHEMBL143110,COc1ccc2c(c1)C(CCCN1CCN(c3ccccc3)CC1)=CCC2,173.0
CHEMBL26929,COc1ccccc1N1CCN(CCCC2CCCc3c(OC)cccc32)CC1,59.9
CHEMBL174083,COc1ccccc1N1CCN(CCCC2CCCc3ccsc32)CC1,9.7
CHEMBL173190,COc1ccccc1N1CCN(CC/C=C2\CCCc3c(OC)cccc32)CC1,52.2
CHEMBL288623,O=c1cc(-c2ccccc2)oc2ccc(OCCCCCCN3CCC(n4c(O)nc5ccccc54)CC3)cc12,369.0
CHEMBL289767,O=c1cc(-c2ccccc2Cl)oc2ccc(OCCCCCCN3CCC(O)CC3)cc12,47.0
CHEMBL286353,CN(C)CCCCCCCCOc1ccc2oc(-c3ccccc3)cc(=O)c2c1,227.0
CHEMBL37508,O=c1cc(-c2ccccc2)oc2ccc(OCCCCN3CCC(O)CC3)cc12,337.0
CHEMBL288933,O=c1cc(-c2ccccc2)oc2cc(OCCCCN3CCC(O)CC3)ccc12,33.0
CHEMBL340532,O=C(CCN1CC=C(c2ccc(Cl)cc2)CC1)c1ccc2c(c1)OCO2,281.0
CHEMBL38322,O=c1cc(-c2ccccc2)oc2ccc(OCCCCCCN3CCOCC3)cc12,713.0
CHEMBL39445,O=c1cc(-c2ccccc2)oc2ccc(OCCCCCCN3CCC(O)CC3)cc12,100.0
CHEMBL39941,O=c1cc(-c2ccccc2)oc2cc(OCCCCCN3CCC(O)CC3)ccc12,55.0
CHEMBL291300,O=c1cc(-c2ccccc2)oc2c(OCCCCCCN3CCC(O)CC3)cccc12,36.0
CHEMBL446358,O=C(CCN1CC=C(c2ccc(Cl)cc2)CC1)c1ccc(F)c(F)c1,235.0
CHEMBL6224,C1=C(c2ccccc2)CCNC1,1000.0
CHEMBL38514,O=c1cc(-c2cccc(Cl)c2)oc2ccc(OCCCCCCN3CCC(O)CC3)cc12,156.0
CHEMBL39615,O=c1cc(-c2ccccc2)oc2ccc(OCCCCCCCCN3CCC(O)CC3)cc12,79.0
CHEMBL287975,O=c1cc(C2CCCCC2)oc2ccc(OCCCCCCN3CCOCC3)cc12,239.0
CHEMBL40676,O=c1cc(-c2ccccc2)oc2ccc(OCCCCCCN3CCCCC3)cc12,101.0
CHEMBL412640,O=c1cc(C2CCCCC2)oc2ccc(OCCCCCCN3CCCCC3)cc12,55.0
CHEMBL35714,O=c1cc(-c2ccccc2)oc2cc(OCCCCCCCCN3CCC(O)CC3)ccc12,22.0
CHEMBL126086,COc1ccc(C(=O)CCN2CC=C(c3ccc(Cl)cc3)CC2)cc1OC,495.0
CHEMBL38897,CN(CCO)CCCCCCOc1ccc2oc(-c3ccccc3)cc(=O)c2c1,242.0
CHEMBL39163,O=c1cc(-c2cccnc2)oc2ccc(OCCCCCCN3CCCCC3)cc12,119.0
CHEMBL37468,O=c1cc(-c2ccccc2)oc2ccc(OCCCCCCN3CCNCC3c3ccccn3)cc12,235.0
CHEMBL37186,CN(C)CCCCCCCOc1ccc2oc(-c3ccccc3)cc(=O)c2c1,165.0
CHEMBL39713,O=c1cc(-c2ccccc2)oc2ccc(OCCCCCCC3CCNC(CCO)C3)cc12,16.0
CHEMBL38983,CN(C)CCCOc1ccc2oc(-c3ccccc3)cc(=O)c2c1,408.0
CHEMBL36928,O=c1cc(-c2cccs2)oc2ccc(OCCCCCCN3CCC(O)CC3)cc12,119.0
CHEMBL35828,CN(C)CCCCCCCCCOc1ccc2oc(-c3ccccc3)cc(=O)c2c1,334.0
CHEMBL38047,O=c1cc(-c2ccccc2)oc2ccc(OCCCCCN3CCC(O)CC3)cc12,210.0
CHEMBL39480,CC(C)Cc1cc(=O)c2cc(OCCCCCN3CCC(O)CC3)ccc2o1,139.0
CHEMBL338181,O=C(CCN1CC=C(c2ccc(F)cc2)CC1)c1ccccc1,4.0
CHEMBL38809,CN(CCCCCCOc1ccc2oc(-c3ccccc3)cc(=O)c2c1)Cc1ccccc1,52.0
CHEMBL38023,COc1ccc(-c2cc(=O)c3cc(OCCCCCN4CCC(O)CC4)ccc3o2)cc1,493.0
CHEMBL126437,O=C(CCN1CC=C(c2ccc(F)cc2)CC1)c1ccc(F)cc1,23.0
CHEMBL38392,CN(C)CCCCCOc1ccc2oc(-c3ccccc3)cc(=O)c2c1,529.0
CHEMBL434593,O=c1cc(-c2ccccc2)oc2cccc(OCCCCCCN3CCC(O)CC3)c12,116.0
CHEMBL36966,CN(C)CCCCCCCCCCOc1ccc2oc(-c3ccccc3)cc(=O)c2c1,297.0
CHEMBL432859,O=c1cc(-c2ccccc2)oc2ccc(OCCCCCCN3CCCCCC3)cc12,24.0
CHEMBL418239,CN(C)CCOc1ccc2oc(-c3ccccc3)cc(=O)c2c1,590.0
CHEMBL39638,O=c1cc(-c2ccccc2)oc2ccc(OCCCCCCCN3CCC(O)CC3)cc12,142.0
CHEMBL37138,O=c1cc(-c2ccccc2Cl)oc2ccc(OCCCCCCN3CCCCC3)cc12,60.0
CHEMBL130526,CCN(CC)CCC(=O)c1ccccc1,1250.0
CHEMBL37470,COc1c(-c2ccccc2)oc2ccc(OCCCCCCN3CCC(O)CC3)cc2c1=O,93.0
CHEMBL340401,O=C(CCN1CCC(c2ccccc2)CC1)c1ccccc1,7.0
CHEMBL36491,O=c1cc(-c2cccs2)oc2ccc(OCCCCCCN3CCCCC3)cc12,72.0
CHEMBL129521,O=C(CCN1CC=C(c2ccc(Cl)cc2)CC1)c1ccc(Cl)cc1,158.0
CHEMBL125913,O=C(CCN1CC=C(c2ccc(F)cc2)CC1)c1ccc(Cl)cc1,25.0
CHEMBL39053,O=C1NCN(c2ccccc2)C12CCN(CCCCCCOc1ccc3oc(-c4ccccc4)cc(=O)c3c1)CC2,1200.0
CHEMBL40113,Cc1c(C2CCCCC2)oc2ccc(OCCCCCCN3CCC(O)CC3)cc2c1=O,84.0
CHEMBL126684,O=C(CCN1CC=C(c2ccc(F)cc2)CC1)c1ccc(Br)cc1,66.0
CHEMBL38565,O=c1cc(-c2ccc(F)cc2)oc2ccc(OCCCCCCN3CCC(O)CC3)cc12,95.0
CHEMBL38952,O=c1cc(-c2ccccc2)oc2cc(OCCCCCCCN3CCC(O)CC3)ccc12,16.0
CHEMBL101664,Clc1ccc(C2=CCNCC2)cc1,50.0
CHEMBL38264,O=c1cc(-c2ccccc2)oc2ccc(OCCCN3CCC(O)CC3)cc12,130.0
CHEMBL40278,O=c1cc(-c2ccccc2)oc2ccc(OCCCCCCN3CCCC(O)C3)cc12,86.0
CHEMBL39584,O=c1cc(-c2ccccc2)oc2ccc(OCCCCCCN3CCNCC3c3ncccn3)cc12,1630.0
CHEMBL288466,O=c1cc(C2CCCC2)oc2ccc(OCCCCCCN3CCCCC3)cc12,26.0
CHEMBL127067,O=C(CCN1CC=C(c2ccc(Cl)cc2)CC1)c1ccc(Br)cc1,100.0
CHEMBL412429,O=c1cc(-c2ccccc2)oc2cccc(OCCCCCN3CCC(O)CC3)c12,54.0
CHEMBL289924,O=c1cc(-c2ccncc2)oc2ccc(OCCCCCCN3CCC(O)CC3)cc12,159.0
CHEMBL40115,O=c1cc(C2CCC2)oc2ccc(OCCCCCCN3CCC(O)CC3)cc12,61.0
CHEMBL38585,CN(C)CCCCCCOc1ccc2oc(-c3ccccc3)cc(=O)c2c1,432.0
CHEMBL420344,O=C(CCN1CC=C(c2ccc(Cl)cc2)CC1)c1ccc(F)cc1,500.0
CHEMBL39202,O=c1cc(-c2ccc(Cl)cc2)oc2ccc(OCCCCCCN3CCC(O)CC3)cc12,195.0
CHEMBL37256,O=c1cc(C2CCC2)oc2ccc(OCCCCCCN3CCCCC3)cc12,51.0
CHEMBL39809,O=c1cc(-c2ccccc2)oc2cc(OCCCCCCN3CCC(O)CC3)ccc12,45.0
CHEMBL37088,CN(C)CCOc1ccc2c(=O)cc(-c3ccccc3)oc2c1,605.0
CHEMBL38708,CCOC(=O)C1CCN(CCCCCCOc2ccc3oc(-c4ccccc4)cc(=O)c3c2)CC1,164.0
CHEMBL288148,COc1ccc(-c2cc(=O)c3cc(OCCCCCCN4CCC(O)CC4)ccc3o2)cc1,254.0
CHEMBL440606,Cc1c(-c2ccccc2)oc2ccc(OCCC/C=C/CN3CCC(O)CC3)cc2c1=O,99.0
CHEMBL40897,O=c1cc(-c2ccccc2)oc2ccc(OCCCCCCN3CCCC3)cc12,84.0
CHEMBL290612,O=c1cc(-c2ccncc2)oc2ccc(OCCCCCCN3CCCCC3)cc12,67.0
CHEMBL40016,O=c1cc(-c2ccccc2)oc2cccc(OCCCCN3CCC(O)CC3)c12,58.0
CHEMBL39001,O=c1cc(-c2ccccc2)oc2ccc(OCCCCCCN3CC=C(c4ccc(Cl)cc4)CC3)cc12,49.0
CHEMBL130357,O=C(CCN1CC=C(c2ccccc2)CC1)c1ccccc1,8.0
CHEMBL39233,COc1cccc(-c2cc(=O)c3cc(OCCCCCCN4CCC(O)CC4)ccc3o2)c1,76.0
CHEMBL37149,O=c1cc(C2CCCCC2)oc2ccc(OCCCCCN3CCC(O)CC3)cc12,217.0
CHEMBL126738,CCCN(CCC)CCC(=O)c1ccccc1,1250.0
CHEMBL38896,CCOC(=O)C1CCCN(CCCCCCOc2ccc3oc(-c4ccccc4)cc(=O)c3c2)C1,155.0
CHEMBL38460,O=c1cc(-c2cccc(F)c2)oc2ccc(OCCCCCCN3CCC(O)CC3)cc12,129.0
CHEMBL36675,NCCCCCCOc1ccc2oc(-c3ccccc3)cc(=O)c2c1,2100.0
CHEMBL38862,Cc1c(-c2ccccc2)oc2ccc(OCCCCCCN3CCC(O)CC3)cc2c1=O,36.0
CHEMBL39583,O=c1cc(C2CCCCC2)oc2ccc(OCCCCCCN3CCC(O)CC3)cc12,88.0
CHEMBL129452,O=C(CCN1CC=C(c2ccc(Cl)cc2)CC1)c1ccccc1,0.5
CHEMBL289896,O=c1cc(-c2ccccc2)oc2ccc(OCCCCCCN3CCC(O)(c4ccc(Cl)cc4)CC3)cc12,109.0
CHEMBL435211,O=C(CCN1CC=C(c2ccc(Cl)cc2)CC1)c1ccccc1F,400.0
CHEMBL340541,O=C(CCN1CC=C(c2ccc(Cl)cc2)CC1)c1ccc(Cl)c(Cl)c1,158.0
CHEMBL38323,CCN(CC)CCCCCCOc1ccc2oc(-c3ccccc3)cc(=O)c2c1,91.0
CHEMBL38547,O=c1cc(-c2ccccc2)oc2ccc(OCCCCCCN3CCN(c4ccc(Cl)cc4)CC3)cc12,80.0
CHEMBL289702,CC1CCN(CCCCCCOc2ccc3oc(-c4ccccc4)cc(=O)c3c2)CC1,25.0
CHEMBL129695,O=C(CCN1CC=C(c2ccc(Cl)cc2)CC1)c1ccccc1Cl,105.0
CHEMBL38665,O=c1cc(-c2ccccc2)oc2cccc(OCCCN3CCC(O)CC3)c12,125.0
CHEMBL37150,O=c1cc(C2CCCC2)oc2ccc(OCCCCCCN3CCC(O)CC3)cc12,51.0
CHEMBL50115,CN(C)CCC(=O)c1ccccc1,5000.0
CHEMBL291132,O=c1cc(-c2ccccc2)oc2ccc(OCCCCCCN3CCNC(CCO)C3)cc12,63.0
CHEMBL37410,COc1cccc(-c2cc(=O)c3cc(OCCCCCN4CCC(O)CC4)ccc3o2)c1,320.0
CHEMBL39203,O=c1cc(-c2cccnc2)oc2ccc(OCCCCCCN3CCC(O)CC3)cc12,194.0
CHEMBL38294,O=c1cc(-c2ccccc2)oc2cccc(OCCCCCCCN3CCC(O)CC3)c12,36.0
CHEMBL287894,CN(C)CCCCOc1ccc2oc(-c3ccccc3)cc(=O)c2c1,720.0
CHEMBL412674,Cc1ccccc1NC(=N)N(C)c1ccccc1C,6280.0
CHEMBL314423,CCc1cccc(NC(=N)N2CCc3ccccc32)c1,341.0
CHEMBL79437,CCCc1cccc(NC(=N)Nc2cccc(CCC)c2)c1,42.0
CHEMBL78083,CCc1ccc(NC(=N)Nc2ccc(CC)cc2)cc1,245.0
CHEMBL78306,N=C(Nc1cccc2c1CCCC2)Nc1cccc2c1CCCC2,59.0
CHEMBL315051,N=C(Nc1cccc2c1CCC2)Nc1cccc2c1CCC2,29.0
CHEMBL81626,CC(C)c1ccc(NC(=N)Nc2ccc(C(C)C)cc2)cc1,242.0
CHEMBL77675,N=C(Nc1ccccc1)Nc1ccccc1,397.0
CHEMBL88161,CN(C(=N)N(C)c1cccc2ccccc12)c1cccc2ccccc12,10700.0
CHEMBL78411,CC(C)(C)c1ccccc1NC(=N)Nc1ccccc1C(C)(C)C,356.0
CHEMBL78777,CCc1cccc(NC(=N)Nc2cccc(CC)c2)c1,8.0
CHEMBL90809,CCN(C(=N)Nc1cccc2ccccc12)c1cccc2ccccc12,6130.0
CHEMBL92484,CCc1cccc(N(C)C(=N)Nc2cccc3ccccc23)c1,2540.0
CHEMBL431214,N=C(Nc1cccc2ccccc12)N1CCC(c2ccccc2)CC1,343.0
CHEMBL280243,CC(C)c1ccccc1NC(=N)Nc1ccccc1C(C)C,88.0
CHEMBL88639,CN(C(=N)Nc1cccc(N)c1)c1cccc2ccccc12,13000.0
CHEMBL91791,N=C(Nc1ccc2ccccc2c1)Nc1ccc2ccccc2c1,92.0
CHEMBL309603,Cc1cccc(NC(=N)Nc2cccc(C)c2)c1,43.0
CHEMBL88146,CCc1cccc(N(C)C(=N)N(CC)c2cccc3ccccc23)c1,2290.0
CHEMBL328986,CCc1cccc(NC(=N)N(C)c2cccc3ccccc23)c1,1000.0
CHEMBL91713,CCc1cccc(NC(=N)Nc2cccc3ccccc23)c1,54.0
CHEMBL421364,CN(C(=N)Nc1cccc2ccccc12)c1cccc([N+](=O)[O-])c1,6260.0
CHEMBL90643,CN(C(=N)Nc1cccc2ccccc12)c1ccccc1,2900.0
CHEMBL330551,Cc1cccc(NC(=N)N(C)c2cccc(C)c2)c1,247.0
CHEMBL81594,N=C(Nc1ccccc1-c1ccccc1)Nc1ccccc1-c1ccccc1,8110.0
CHEMBL310729,COc1ccccc1NC(=N)Nc1ccccc1OC,1990.0
CHEMBL314710,N=C(Nc1cccc2ccccc12)N1CCCCCC1,1410.0
CHEMBL81070,N=C(Nc1ccc(Br)cc1)Nc1ccc(Br)cc1,33.0
CHEMBL79509,N=C(Nc1cccc2ccccc12)Nc1cccc2ccccc12,165.0
CHEMBL91946,CN(C(=N)Nc1cccc2ccccc12)c1cccc(N)c1,2700.0
CHEMBL91145,N=C(Nc1cccc2ccccc12)N1CCCCC1,1070.0
CHEMBL129768,O[C@H](CCCN1CCN(c2ncc(F)cn2)CC1)c1ccc(F)cc1,28.0
CHEMBL310170,CCc1ccccc1NC(=N)Nc1ccccc1CC,14.0
CHEMBL91222,COc1cccc(NC(=N)Nc2cccc(OC)c2)c1,351.0
CHEMBL92095,CN(C(=N)Nc1cccc2cc3ccccc3cc12)c1cccc2ccccc12,2100.0
CHEMBL430455,N=C(Nc1cccc2ccccc12)NC1Cc2ccccc2C1,240.0
CHEMBL441453,N=C(N1CCc2ccccc21)N1CCc2ccccc21,7180.0
CHEMBL90975,N=C(NCc1ccccc1)Nc1cccc2ccccc12,140.0
CHEMBL90288,CN(C(=N)N(c1ccccc1)c1cccc2ccccc12)c1cccc2ccccc12,11000.0
CHEMBL312600,N=C(Nc1ccccc1I)Nc1ccccc1I,13.0
CHEMBL265549,CN(C(=N)Nc1cccc([N+](=O)[O-])c1)c1cccc2ccccc12,2640.0
CHEMBL90508,N=C(Nc1ccccc1I)Nc1cccc2ccccc12,40.0
CHEMBL420245,CCc1cccc(N(CC)C(=N)Nc2cccc3ccccc23)c1,2190.0
CHEMBL420979,Cc1cccc(N(C)C(=N)Nc2cccc3ccccc23)c1,1860.0
CHEMBL81678,N=C(Nc1cccc(I)c1)Nc1cccc(I)c1,125.0
CHEMBL90326,CN(C(=N)Nc1cccc2ccccc12)c1cccc(N=[N+]=[N-])c1,3020.0
CHEMBL91828,CC(C)c1ccccc1/N=C(\N)N(C)c1cccc2ccccc12,7250.0
CHEMBL88660,CCc1cccc(NC(=N)N2CCC(c3ccccc3)CC2)c1,60.0
CHEMBL314379,CCN(C(=N)N(C)c1cccc2ccccc12)c1cccc2ccccc12,8480.0
CHEMBL89344,CC(C)c1ccccc1/N=C(\N)Nc1cccc2ccccc12,91.0
CHEMBL329623,N=C(N1CCCc2ccccc21)N1CCCc2ccccc21,1370.0
CHEMBL313649,N=C(Nc1cccc2ccccc12)N(c1ccccc1)c1cccc2ccccc12,7930.0
CHEMBL431462,CN(C(=N)Nc1cccc(N=[N+]=[N-])c1)c1cccc2ccccc12,2740.0
CHEMBL89811,CCc1cccc(N(C)C(=N)N(C)c2cccc3ccccc23)c1,1210.0
CHEMBL88932,Cc1cccc(NC(=N)Nc2cccc3ccccc23)c1,75.0
CHEMBL82078,CC(C)c1cccc(NC(=N)Nc2cccc(C(C)C)c2)c1,96.0
CHEMBL81602,Cc1ccc(NC(=N)Nc2ccc(C)cc2)cc1,535.0
CHEMBL91628,CCc1cccc(NC(=N)N(C)c2cccc(CC)c2)c1,82.0
CHEMBL88465,CN(C(=N)Nc1cccc2ccccc12)c1cccc2ccccc12,4800.0
CHEMBL82246,N=C(Nc1ccccc1-c1ccccc1)Nc1cccc2ccccc12,935.0
CHEMBL539782,Br.N=C(NCc1ccccc1)NCc1ccccc1,90.0
CHEMBL543596,Cc1ccccc1/N=C(/N)Nc1ccc(N)cc1C.Cl,280.0
CHEMBL82247,Cc1ccccc1/N=C(/N)Nc1ccccc1/C=C/c1ccccc1,920.0
CHEMBL536782,Cc1ccccc1/N=C(/N)Nc1cccc(O)c1.Cl,207.0
CHEMBL82144,N=C1N(c2ccccc2)CCN1c1ccccc1,340.0
CHEMBL310003,N=C(Nc1ccccc1I)NC1CC2CCC1C2,5.0
CHEMBL543120,CCCCCCCCN=C(NC1CCCCC1)NC1CCCCC1.Cl,238.0
CHEMBL81735,Cc1ccccc1/N=C(/N)Nc1ccccc1[N+](=O)[O-],113.0
CHEMBL543121,CN=C(NC1CCCCC1)NC1CCCCC1.Cl,237.0
CHEMBL553074,CC12CC3CC(C)(C1)CC(/N=C(\N)Nc1ccccc1I)(C3)C2.Cl,16.0
CHEMBL545007,Cl.N=C(NC1C[C@H]1c1ccccc1)NC12CC3CC(CC(C3)C1)C2,120.0
CHEMBL79145,ON=C(NC1CCCCC1)NC1CCCCC1,271.0
CHEMBL78488,N/C(=N\C12CC3CC(CC(C3)C1)C2)Nc1ccccc1[N+](=O)[O-],30.0
CHEMBL553817,CC1(C)C2CCC1(C)C(/N=C(\N)Nc1ccccc1I)C2.Cl,18.0
CHEMBL79164,Cc1ccccc1/N=C(\N)NC1CCCCC1,12.0
CHEMBL81824,Cc1ccccc1/N=C(/N)Nc1ccc([N+](=O)[O-])cc1C,37.0
CHEMBL312588,Cc1cc([N+](=O)[O-])ccc1/N=C(/N)Nc1cccc(O)c1,118.0
CHEMBL81539,N=C(Nc1ccccc1C(F)(F)F)Nc1ccccc1C(F)(F)F,215.0
CHEMBL543355,Cl.N=C(Nc1ccccc1CCc1ccccc1)NC12CC3CC(CC(C3)C1)C2,112.0
CHEMBL553535,Cl.N=C(NC12CC3CC(CC(C3)C1)C2)NC12CC3CC(CC(C3)C1)C2,16.0
CHEMBL539360,Cl.N=C(Nc1ccccc1/C=C/c1ccccc1)NC12CC3CC(CC(C3)C1)C2,345.0
CHEMBL314469,NC1=Nc2ccccc2CN1c1ccccc1,4100.0
CHEMBL312806,C1CCC(NC(=NC2CC2)NC2CCCCC2)CC1,513.0
CHEMBL79665,Cc1ccccc1/N=C(\N)NC1CC2CCC1(C)C2(C)C,25.0
CHEMBL543123,Br.NC1=NCCN1c1ccccc1,3500.0
CHEMBL543602,Cl.N=C(Nc1ccccc1/C=C/c1ccccc1)NC1C2CC3CC(C2)CC1C3,370.0
CHEMBL545011,Cl.N=C(NC1CC2CCC1C2)NC1CC2CCC1C2,16.0
CHEMBL311074,NC1=Nc2cccc3cccc(c23)N1,10000.0
CHEMBL553896,Cl.N=C(Nc1ccccc1I)NC12CC3CC(CC(C3)C1)C2,6.0
CHEMBL540291,Cc1ccccc1/N=C(\N)NC12CC3CC(C)(CC(C)(C3)C1)C2.Cl,15.0
CHEMBL79616,N=C(N)N(c1ccccc1)c1ccccc1,100000.0
CHEMBL554972,Br.N=C(NC1CC2CCC1C2)NC1CC2CCC1C2,22.0
CHEMBL81773,Cc1ccccc1/N=C(\N)NC1CC2CCC1C2,7.7
CHEMBL81867,N=C(NC1CCCCC1)NC1CCCCC1,71.0
CHEMBL79186,Cc1ccccc1/N=C(/N)Nc1ccccc1I,21.0
CHEMBL81835,Cc1ccccc1/N=C(\N)NC12CC3CC(CC(C3)C1)C2,8.0
CHEMBL545471,Br.CNC(=N)NC,100000.0
CHEMBL78637,Cc1ccccc1/N=C(/N)Nc1c(C)cccc1C,70.0
CHEMBL78585,Cc1ccccc1/N=C(/N)Nc1ccccc1N,463.0
CHEMBL543597,Cl.N=C(NC1CCCCC1)NC12CC3CC(CC(C3)C1)C2,13.0
CHEMBL78356,Cc1cc(N)ccc1/N=C(/N)Nc1cccc(O)c1,962.0
CHEMBL79165,Cc1cc(N)ccc1NC(=N)Nc1ccc(N)cc1C,7150.0
CHEMBL78928,N=C(Nc1ccccc1I)Nc1ccccc1/C=C/c1ccccc1,1200.0
CHEMBL553536,CC(=O)[C@H]1CCC2C3CC=C4CC(/N=C(\N)Nc5ccccc5C)CC[C@]4(C)C3CC[C@@]21C.Cl,250.0
CHEMBL81461,Cc1ccccc1/N=C(\N)NC1C2CC3CC(C2)CC1C3,6.0
CHEMBL543839,Cl.N=C(NC1C2CC3CC(C2)CC1C3)NC1C2CC3CC(C2)CC1C3,203.0
CHEMBL557002,CC12CC3CC(C)(C1)CC(/N=C(\N)Nc1ccccc1/C=C/c1ccccc1)(C3)C2.Cl,970.0
CHEMBL556021,CC(C)(C)/N=C(\N)Nc1ccccc1I.Cl,21.1
CHEMBL541828,Cc1cc([N+](=O)[O-])ccc1NC(=N)Nc1ccc([N+](=O)[O-])cc1C.Cl,760.0
CHEMBL79436,Cc1cc(Br)ccc1NC(=N)Nc1ccc(Br)cc1C,37.0
CHEMBL310668,NC1=Nc2ccccc2-c2ccccc2N1,10000.0
CHEMBL556617,Cl.N=C(Nc1ccccc1/C=C/c1c(F)c(F)c(F)c(F)c1F)NC12CC3CC(CC(C3)C1)C2,245.0
CHEMBL80081,CCCCNC(=N)NCCCC,750.0
CHEMBL553347,Cl.N=C(Nc1ccccc1I)NC1C2CC3CC(C2)CC1C3,5.2
CHEMBL415077,N=C(Nc1ccccc1-c1ccccc1)NC12CC3CC(CC(C3)C1)C2,300.0
CHEMBL544537,Cc1ccccc1N/C(N)=N/C1CC[C@@]2(C)C(=CCC3C2CC[C@@]2(C)C3CC[C@@H]2C(C)CCCC(C)C)C1.Cl,10000.0
CHEMBL312318,Cc1cccc(C)c1NC(=N)Nc1c(C)cccc1C,90.0
CHEMBL115249,CCOc1ccc(CCOC(=O)N2CCN(CCCc3ccccc3)CC2)cc1,2170.0
CHEMBL326263,N#Cc1ccc(CCOC(=O)N2CCN(CCCC(c3ccc(F)cc3)c3ccc(F)cc3)CC2)cc1,702.0
CHEMBL275707,C[C@@H]1CN(CCCn2c3ccccc3c3ccccc32)C[C@H](C)N1,1480.0
CHEMBL336706,CC1CN(CCCn2c3ccccc3c3ccccc32)CC(C)N1CCN=C=S,949.0
CHEMBL113956,CCOc1ccc(CCNC(=O)N2CCN(CCCC(c3ccc(F)cc3)c3ccc(F)cc3)CC2)cc1,482.0
CHEMBL115280,O=C1NCN(c2ccccc2)C12CCN(Cc1cccc(Oc3ccccc3)c1)CC2,1250.0
CHEMBL138438,CC1CN(CCCn2c3ccccc3c3ccccc32)CC(C)N1CCCCCCN=C=S,707.0
CHEMBL114280,Oc1nc2ccccc2n1CCCNCc1cc2c(cc1Cl)OCO2,328.0
CHEMBL115652,O=C1NCN(c2ccccc2)C12CCN(Cc1cc3c(cc1Cl)OCO3)CC2,581.0
CHEMBL336707,CC1CN(CCCn2c3ccccc3c3ccccc32)CC(C)N1CCCN=C=S,1830.0
CHEMBL2112760,C[C@H]1CN(CCCn2c3ccccc3c3ccccc32)C[C@H](C)N1C,897.0
CHEMBL305187,CC(C(O)c1ccc(O)cc1)N1CCC(Cc2ccccc2)CC1,3.9
CHEMBL122334,O=C1CNC(=O)N1,62.0
CHEMBL121919,c1cc2c(cn1)CCCC2,56.0
CHEMBL41,CNCCC(Oc1ccc(C(F)(F)F)cc1)c1ccccc1,851.14
CHEMBL267930,O=C(CCCN1CCC2(CC1)C(=O)NCN2c1ccccc1)c1ccc(F)cc1,954.99
CHEMBL317029,CN(C)C1Cc2cc(Cl)c(O)cc2C(c2ccccc2)C1,0.7079
CHEMBL134109,CCCN(C)C1Cc2ccccc2C(c2ccccc2)C1,4.467
CHEMBL320435,CN(C)C1CCc2ccccc2C1c1ccccc1,954.99
CHEMBL143612,c1ccc(C(OCCN2CCN(CCOC(c3ccccc3)c3ccccc3)CC2)c2ccccc2)cc1,10000.0
CHEMBL140104,c1ccc(CCCNCCCCNCCOC(c2ccccc2)c2ccccc2)cc1,1050.0
CHEMBL142522,c1ccc(C(OCCN2CCNCC2)c2ccccc2)cc1,1480.0
CHEMBL51,O=C(c1ccc(F)cc1)C1CCN(CCn2c(=O)[nH]c3ccccc3c2=O)CC1,1.0
CHEMBL105645,CN(C)C1Cc2cc(O)c(O)cc2C(c2ccccc2)C1,6.166
CHEMBL104622,CN(C)C1CCc2ccccc2C(c2ccccc2)C1,85.11
CHEMBL140054,C[C@@H]1CN(CCOC(c2ccccc2)c2ccccc2)[C@@H](C)CN1CCCc1ccccc1,8.6
CHEMBL143407,C[C@@H]1CN(CCCc2ccccc2)[C@@H](C)CN1,8.5
CHEMBL415284,C=CCN1CC[C@]23c4c5ccc(O)c4O[C@H]2[C@@H](O)C=C[C@H]3[C@H]1C5,735.0
CHEMBL781,OC1(c2ccc(Cl)cc2)c2ccccc2C2=NCCN21,234.42
CHEMBL142617,Fc1ccc(C(OCCN2CCNCC2)c2ccc(F)cc2)cc1,965.0
CHEMBL348432,C[C@@H]1CN(CCCc2ccccc2)[C@@H](C)CN1CCCc1ccccc1,8.5
CHEMBL279676,c1csc(C2(N3CCCCC3)CCCCC2)c1,2060.0
CHEMBL104945,CN(C)C1Cc2ccccc2C(c2ccccc2)C1,0.5248
CHEMBL42055,OCCN1CCN(CC/C=C2\c3ccccc3Sc3ccc(C(F)(F)F)cc32)CC1,14.79
CHEMBL597,Cc1ccc(N(CC2=NCCN2)c2cccc(O)c2)cc1,549.54
CHEMBL62,CN1CCc2cc(Cl)c(O)cc2[C@@H](c2ccccc2)C1,389.05
CHEMBL346409,c1ccc(CCCN2CCN(CCCc3ccccc3)CC2)cc1,0.5
CHEMBL142518,C[C@@H]1CN(CCOC(c2ccc(F)cc2)c2ccc(F)cc2)[C@@H](C)CN1,65.0
CHEMBL134215,CCCN(CCC)C1Cc2ccccc2C(c2ccccc2)C1,12.88
CHEMBL53,CN1CCc2cccc3c2[C@H]1Cc1ccc(O)c(O)c1-3,10000.0
CHEMBL3,CN1CCC[C@H]1c1cccnc1,10000.0
CHEMBL133847,CCCNC1Cc2ccccc2C(c2ccccc2)C1,58.88
CHEMBL142041,CN(CCCc1ccccc1)CCN(C)CCOC(c1ccccc1)c1ccccc1,34.0
CHEMBL80,C=CCN1CC[C@]23c4c5ccc(O)c4O[C@H]2C(=O)CC[C@@]3(O)[C@H]1C5,100000.0
CHEMBL143846,NCCCCNCCOC(c1ccccc1)c1ccccc1,10000.0
CHEMBL54661,OCCN1CCN(CC/C=C2/c3ccccc3Sc3ccc(C(F)(F)F)cc32)CC1,2.239
CHEMBL1255588,CC(C)(C)[C@@]1(O)CCN2C[C@@H]3c4ccccc4CCc4cccc(c43)[C@H]2C1,52.48
CHEMBL104444,CNC1Cc2ccccc2C(c2ccccc2)C1,79.43
CHEMBL141876,c1ccc(CCCN2CCCCC(NCCOC(c3ccccc3)c3ccccc3)C2)cc1,78.0
CHEMBL275528,c1ccc(C2(N3CCCCC3)CCCCC2)cc1,868.0
CHEMBL320190,CN(C)C1Cc2ccccc2C(C)(c2ccccc2)C1,5.495
CHEMBL485253,CCC(CO)NC(=O)[C@@H]1C=C2c3cccc4c3c(cn4C)C[C@H]2N(C)C1,912.01
CHEMBL342120,C[C@@H]1CN(CCOC(c2ccccc2)c2ccccc2)[C@@H](C)CN1CCOC(c1ccccc1)c1ccccc1,4001.0
CHEMBL102119,Fc1ccc(C(OCCN2CCN(CCOC(c3ccc(F)cc3)c3ccc(F)cc3)CC2)c2ccc(F)cc2)cc1,10000.0
CHEMBL342121,c1ccc(CCCN2CCCCN(CCOC(c3ccccc3)c3ccccc3)CC2)cc1,180.0
CHEMBL357008,c1ccc(CCCNC2CCCCN(CCOC(c3ccccc3)c3ccccc3)C2)cc1,83.0
CHEMBL284237,C[C@]12N[C@H](Cc3ccccc31)c1ccccc12,10000.0
CHEMBL358758,C[C@@H]1CN(CCOC(c2ccccc2)c2ccccc2)[C@@H](C)CN1,67.0
CHEMBL323287,CCN(CC)C1Cc2ccccc2C(c2ccccc2)C1,2.239
CHEMBL142337,C[C@@H]1CN(CCOC(c2ccc(F)cc2)c2ccc(F)cc2)[C@@H](C)CN1CCOC(c1ccc(F)cc1)c1ccc(F)cc1,3640.0
CHEMBL26,CCN1CCCC1CNC(=O)c1cc(S(N)(=O)=O)ccc1OC,10000.0
CHEMBL282567,CCCC(C(=O)OCCN(CC)CC)(c1ccccc1)c1ccccc1,1584.89
CHEMBL143648,CNCCN(C)CCOC(c1ccccc1)c1ccccc1,231.0
CHEMBL18786,CN(C)CCCSc1ccccc1NC(=O)/C=C/c1ccccc1,181.97
CHEMBL143750,c1ccc(CCCN2CCNCC2)cc1,109.0
CHEMBL142953,c1ccc(CCCN2CCCN(CCOC(c3ccccc3)c3ccccc3)CC2)cc1,26.0
CHEMBL55873,COc1ccc(/N=C(\N)NC23CC4CC(CC(C4)C2)C3)c(C)c1,7.0
CHEMBL276500,CCCN1CCCC(c2cccc(O)c2)C1,76.0
CHEMBL293059,N=C(Nc1ccccc1F)NC12CC3CC(CC(C3)C1)C2,8.0
CHEMBL442356,Cc1cc(F)ccc1/N=C(\N)NC12CC3CC(CC(C3)C1)C2,3.2
CHEMBL299499,N=C(Nc1ccc(I)cc1)NC12CC3CC(CC(C3)C1)C2,2.8
CHEMBL301623,COc1ccccc1/N=C(\N)NC12CC3CC(CC(C3)C1)C2,17.0
CHEMBL55970,N=C(Nc1ccccc1I)NC12CC3CC(CC(C3)C1)C2,6.2
CHEMBL292668,COc1ccc(NC(=N)NC23CC4CC(CC(C4)C2)C3)cc1,10.0
CHEMBL292450,N=C(Nc1ccc(F)cc1)NC12CC3CC(CC(C3)C1)C2,9.0
CHEMBL54407,COc1cccc(NC(=N)NC23CC4CC(CC(C4)C2)C3)c1,7.0
CHEMBL413257,N=C(Nc1cccc(F)c1)NC12CC3CC(CC(C3)C1)C2,13.0
CHEMBL55769,N=C(Nc1cccc(I)c1)NC12CC3CC(CC(C3)C1)C2,8.0
CHEMBL331006,Fc1ccc2[nH]c3c(c2c1)C1CCC(C3)N1,1473.0
CHEMBL119698,O=C1c2ccccc2C(=O)N1CCN1C2CCC1c1c([nH]c3ccccc13)C2,8085.0
CHEMBL119047,c1ccc(OCCCCN2C3CCC2c2c([nH]c4ccccc24)C3)cc1,88.0
CHEMBL119889,CC(C)n1c2c(c3ccccc31)C1CCC(C2)N1CCCCc1ccccc1,231.0
CHEMBL119485,C(=C/c1ccccc1)\CN1C2CCC1c1c([nH]c3ccccc13)C2,133.0
CHEMBL285203,O=C1CC2(CCCC2)CC(=O)N1CCCCN1C2CCC1c1c([nH]c3ccccc13)C2,54.0
CHEMBL117898,c1coc(CCCCN2C3CCC2c2c([nH]c4ccccc24)C3)c1,28.0
CHEMBL333840,c1ccc(CCCN2C3CCC2c2c([nH]c4ccccc24)C3)cc1,81.0
CHEMBL119811,Fc1ccc(OCCCN2C3CCC2c2c([nH]c4ccccc24)C3)cc1,55.0
CHEMBL331500,c1ccc(CCCCN2C3CCC2c2c(n(Cc4ccccc4)c4ccccc24)C3)cc1,267.0
CHEMBL115582,c1ccc2c3c([nH]c2c1)CC1CCC3N1CCCCc1nccs1,66.0
CHEMBL119725,O=C1c2ccccc2C(=O)N1CCCN1C2CCC1c1c([nH]c3ccc(F)cc13)C2,836.0
CHEMBL117695,CCN1C2CCC1c1c([nH]c3ccccc13)C2,3560.0
CHEMBL332593,c1ccc(OCCN2C3CCC2c2c([nH]c4ccccc24)C3)cc1,110.0
CHEMBL118289,Clc1ccc(OCCN2C3CCC2c2c([nH]c4ccccc24)C3)cc1Cl,400.0
CHEMBL116710,CN(CCc1ccc(Cl)c(Cl)c1)CCN1C2CCC1c1c([nH]c3ccccc13)C2,509.0
CHEMBL325619,Clc1ccc(CCN2C3CCC2c2c([nH]c4ccccc24)C3)cc1Cl,702.0
CHEMBL325845,CC/C=C/N1C2CCC1c1c([nH]c3ccccc13)C2,683.0
CHEMBL119048,c1ccc(OCCCN2C3CCC2c2c([nH]c4ccccc24)C3)cc1,132.0
CHEMBL323910,Fc1ccc2[nH]c3c(c2c1)C1CCC(C3)N1Cc1ccccc1I,3044.0
CHEMBL117748,CN(CCN1C2CCC1c1c([nH]c3ccccc13)C2)C(=O)Cc1ccc(Cl)c(Cl)c1,1612.0
CHEMBL118665,c1ccc(CCN2C3CCC2c2c(n(Cc4ccccc4)c4ccccc24)C3)cc1,482.0
CHEMBL118288,c1ccc(CN2C3CCC2c2c([nH]c4ccccc24)C3)cc1,345.0
CHEMBL331611,c1ccc(C(CCN2C3CCC2c2c([nH]c4ccccc24)C3)c2ccccc2)cc1,1483.0
CHEMBL119495,CCCN1C2CCC1c1c([nH]c3ccccc13)C2,1084.0
CHEMBL332035,c1ccc(CCCCCN2C3CCC2c2c([nH]c4ccccc24)C3)cc1,107.0
CHEMBL116711,Fc1ccc2[nH]c3c(c2c1)C1CCC(C3)N1CCCN1Cc2ccccc2C1,54.0
CHEMBL119409,OCCCN1C2CCC1c1c([nH]c3ccc(F)cc13)C2,317.0
CHEMBL119804,c1ccc(CCN2C3CCC2c2c([nH]c4ccccc24)C3)cc1,234.0
CHEMBL325168,Fc1ccc2[nH]c3c(c2c1)C1CCC(C3)N1CCCc1cccnc1,44.0
CHEMBL35711,Fc1ccc2[nH]c3c(c2c1)C1CCC(C3)N1CCCCc1ccccc1,38.0
CHEMBL116207,c1ccc2c(c1)CN(CCN1C3CCC1c1c([nH]c4ccccc14)C3)C2,141.0
CHEMBL285541,c1ccc2c3c([nH]c2c1)CC1CCC3N1,5000.0
CHEMBL118445,c1ccc(-n2c3c(c4ccccc42)C2CCC(C3)N2)cc1,1895.0
CHEMBL117567,Fc1ccc2[nH]c3c(c2c1)C1CCC(C3)N1Cc1ccccc1,86.0
CHEMBL36645,O=C(CCCN1C2CCC1c1c([nH]c3ccccc13)C2)c1ccc(F)cc1,129.0
CHEMBL118276,CN1C2CCC1c1c([nH]c3ccccc13)C2,2650.0
CHEMBL38130,c1ccc(CCCCN2C3CCC2c2c([nH]c4ccccc24)C3)cc1,25.0
CHEMBL433022,c1ccc(CCCCN2C3CCC2c2c(n(-c4ccccc4)c4ccccc24)C3)cc1,212.0
CHEMBL442395,Fc1ccc2[nH]c3c(c2c1)CN(CCCc1ccncc1)CC3,182.0
CHEMBL324092,Clc1ccc(OCCN2C3CCC2c2c([nH]c4ccccc24)C3)cc1,251.0
CHEMBL38152,Fc1ccc(CCCCN2C3CCC2c2c([nH]c4ccccc24)C3)cc1,37.0
CHEMBL346389,O=C1COc2cc(CN3CCN(c4ccc(Cl)cc4)CC3)ccc2N1,285.0
CHEMBL119075,Cn1c2c(c3ccccc31)C1CCC(C2)N1CCCCc1ccccc1,116.0
CHEMBL119867,c1csc(CCCCN2C3CCC2c2c([nH]c4ccccc24)C3)c1,21.0
CHEMBL371741,O=C1[C@@H]2Cc3ccccc3CN2C(=O)N1CCN1CCCCC1,16.0
CHEMBL195676,CN1CCN(CCN2C(=O)[C@@H]3Cc4ccccc4CN3C2=O)CC1,100.0
CHEMBL366163,CN(C)CCCN1CCN(CCN2C(=O)[C@@H]3Cc4ccccc4CN3C2=O)CC1,1000.0
CHEMBL196385,O=C1[C@@H]2Cc3ccccc3CN2C(=O)N1CCN1CCN(CCO)CC1,100.0
CHEMBL193655,CC(C)NC(=O)CN1CCN(CCN2C(=O)[C@@H]3Cc4ccccc4CN3C2=O)CC1,100.0
CHEMBL381653,O=C1[C@@H]2Cc3ccccc3CN2C(=O)N1CCCN1CCCCC1,21.5
CHEMBL193335,CN1CCN(CCCN2C(=O)[C@@H]3Cc4ccccc4CN3C2=O)CC1,100.0
CHEMBL195677,CN(C)CCCN1CCN(CCCN2C(=O)[C@@H]3Cc4ccccc4CN3C2=O)CC1,100.0
CHEMBL193485,O=C1[C@@H]2Cc3ccccc3CN2C(=O)N1CCCN1CCN(CCO)CC1,100.0
CHEMBL194967,O=C1[C@@H]2Cc3ccccc3CN2C(=O)N1CCCN1CCN(Cc2ccccc2)CC1,32.0
CHEMBL370739,O=C1[C@@H]2Cc3ccccc3CN2C(=O)N1CCCN1CCN(Cc2ccc3c(c2)OCO3)CC1,23.8
CHEMBL196100,O=C1[C@@H]2Cc3ccccc3CN2C(=O)N1CCCNC1CCN(Cc2ccccc2)CC1,82.3
CHEMBL196988,O=C1[C@@H]2Cc3ccccc3CN2C(=O)N1CCCNCc1ccccc1,9.6
CHEMBL371156,O=C1[C@@H]2Cc3ccccc3CN2C(=O)N1CCCNCCCCc1ccccc1,10.5
CHEMBL196587,CN(CCN1C(=O)[C@@H]2Cc3ccccc3CN2C1=O)Cc1ccccc1,4.5
CHEMBL196257,CN(CCc1ccccc1)CCN1C(=O)[C@@H]2Cc3ccccc3CN2C1=O,12.6
CHEMBL193662,CN(CCCc1ccccc1)CCN1C(=O)[C@@H]2Cc3ccccc3CN2C1=O,13.6
CHEMBL194687,CN(CCCCc1ccccc1)CCN1C(=O)[C@@H]2Cc3ccccc3CN2C1=O,3.2
CHEMBL194738,CN(CCCCCc1ccccc1)CCN1C(=O)[C@@H]2Cc3ccccc3CN2C1=O,2.9
CHEMBL365754,CN(CCCN1C(=O)[C@@H]2Cc3ccccc3CN2C1=O)Cc1ccccc1,3.9
CHEMBL365786,CN(CCCN1C(=O)[C@@H]2Cc3ccccc3CN2C1=O)CCc1ccccc1,2.1
CHEMBL366167,CN(CCCCN1C(=O)[C@@H]2Cc3ccccc3CN2C1=O)Cc1ccccc1,4.2
CHEMBL194797,CN(CCCCN1C(=O)[C@@H]2Cc3ccccc3CN2C1=O)CCc1ccccc1,9.9
CHEMBL194796,CN(CCCCCN1C(=O)[C@@H]2Cc3ccccc3CN2C1=O)Cc1ccccc1,5.0
CHEMBL195994,CN(CCCCCN1C(=O)[C@@H]2Cc3ccccc3CN2C1=O)CCc1ccccc1,11.7
CHEMBL194640,CN(CCCCCCN1C(=O)[C@@H]2Cc3ccccc3CN2C1=O)Cc1ccccc1,9.4
CHEMBL194694,CN(CCCCCCN1C(=O)[C@@H]2Cc3ccccc3CN2C1=O)CCc1ccccc1,29.5
CHEMBL195781,O=Cn1ccnc1N(CCCN1C(=O)[C@@H]2Cc3ccccc3CN2C1=O)Cc1ccccc1,100.0
CHEMBL193699,O=C1[C@@H]2Cc3ccccc3CN2C(=O)N1C1CCN(Cc2ccccc2)CC1,2.4
CHEMBL195573,CN(CCCN1C(=O)[C@@H]2Cc3ccccc3CN2C1=O)c1ccccc1,100.0
CHEMBL193805,O=C1[C@@H]2Cc3ccccc3CN2C(=S)N1CCN1CCCCC1,0.9
CHEMBL439859,O=C1N(CCN2CCCCC2)C[C@@H]2Cc3ccccc3CN12,54.0
CHEMBL383147,c1ccc2c(c1)C[C@H]1CN(CCN3CCCCC3)CN1C2,77.0
CHEMBL373271,O=C1[C@@H]2Cc3ccc(O)cc3CN2C(=O)N1CCN1CCCCC1,1000.0
CHEMBL195302,O=C1[C@@H]2Cc3ccccc3N2C(=O)N1CCCN1CCCCC1,66.0
CHEMBL195303,O=C1[C@@H]2CCCCN2C(=O)N1CCN1CCCCC1,1000.0
CHEMBL195304,O=C1[C@H]2Cc3ccccc3CN2C(=O)N1CCN1CCCCC1,6.6
CHEMBL556798,CCCCN1C(=O)C(CC2CCCCC2)NC(=O)C12CCN(Cc1ccc3c(c1)OCCO3)CC2.Cl,183.0
CHEMBL250699,COc1cc(NC(=O)c2ccc(-c3ccc(Cl)cc3)o2)cc(OC)c1,10000.0
CHEMBL493677,CC(C)(C)CCN1CC[C@H](CNC(=O)c2cc(Cl)cc(Cl)c2)[C@H](F)C1,20.0
CHEMBL1089752,CN(CCCN1C(=O)[C@H]2Cc3ccccc3CN2C1=O)Cc1ccccc1,1000.0
CHEMBL12089,COc1ccc2cc3[n+](cc2c1OC)CCc1cc2c(cc1-3)OCO2.[Cl-],1289.0
CHEMBL253376,CN(Cc1cc(Br)cc(Br)c1N)C1CCCCC1,61.0
CHEMBL990,CN(Cc1ccc(C(C)(C)C)cc1)Cc1cccc2ccccc12,3953.3
CHEMBL1201203,CN1[C@@H]2CC[C@H]1C[C@@H](OC(c1ccccc1)c1ccccc1)C2,139.0
CHEMBL296419,COc1ccc(CCN2CCC(Nc3nc4ccccc4n3Cc3ccc(F)cc3)CC2)cc1,2246.0
CHEMBL188921,COc1cc(OC)c(C(=O)CCCN2CCCC2)c(OC)c1,2170.5
CHEMBL633,CCCCc1oc2ccccc2c1C(=O)c1cc(I)c(OCCN(CC)CC)c(I)c1,97.0
CHEMBL629,CN(C)CCC=C1c2ccccc2CCc2ccccc21,1031.0
CHEMBL1902981,CCc1ccc(C(=O)C(C)CN2CCCCC2)cc1,4.055
CHEMBL808,Clc1ccc(COC(Cn2ccnc2)c2ccc(Cl)cc2Cl)cc1,21109.0
CHEMBL30008,Fc1ccc(C(c2ccc(F)cc2)N2CCN(C/C=C/c3ccccc3)CC2)cc1,25.0
CHEMBL726,OCCN1CCN(CCCN2c3ccccc3Sc3ccc(C(F)(F)F)cc32)CC1,20.0
CHEMBL1201353,CN(C)CC[C@@H](c1ccc(Cl)cc1)c1ccccn1,1658.0
CHEMBL1628227,CN(C)CCC=C1c2ccccc2COc2ccccc21,631.0
CHEMBL1626,CN1CCC[C@@H]1CCO[C@](C)(c1ccccc1)c1ccc(Cl)cc1,34.0
CHEMBL248702,CCN[C@@H](C)Cc1cccc(C(F)(F)F)c1,516.0
CHEMBL936,OC(CCCN1CCCCC1)(c1ccccc1)c1ccccc1,256.0
CHEMBL1729,COc1cc(N)c(Cl)cc1C(=O)NC1CCN(CCCOc2ccc(F)cc2)CC1OC,994.0
CHEMBL1123,CCN(CC)CCOC(=O)C1(C2CCCCC2)CCCCC1,4.89
CHEMBL549,CN(C)CCCC1(c2ccc(F)cc2)OCc2cc(C#N)ccc21,398.0
CHEMBL926,CC(CCc1ccc(O)cc1)NCCc1ccc(O)c(O)c1,2518.0
CHEMBL954,CCN(CC)CCOc1ccc(/C(=C(/Cl)c2ccccc2)c2ccccc2)cc1,29.0
CHEMBL1200406,CN(C)CCOC(c1ccccc1)c1ccccc1.Cn1c(=O)c2[nH]c(Cl)nc2n(C)c1=O,1158.0
CHEMBL71,CN(C)CCCN1c2ccccc2Sc2ccc(Cl)cc21,451.0
CHEMBL43064,C(=C/c1ccccc1)\CN1CCN(C(c2ccccc2)c2ccccc2)CC1,40.0
CHEMBL415,CN(C)CCCN1c2ccccc2CCc2ccc(Cl)cc21,1362.0
CHEMBL103,CC(=O)[C@H]1CC[C@H]2[C@@H]3CCC4=CC(=O)CC[C@]4(C)[C@H]3CC[C@]12C,3055.0
CHEMBL1198,CCCCOc1ccc(OCCCN2CCOCC2)cc1,121.0
CHEMBL490,Fc1ccc([C@@H]2CCNC[C@H]2COc2ccc3c(c2)OCO3)cc1,5366.0
CHEMBL564,CN(C)CCCN1c2ccccc2Sc2ccccc21,271.0
CHEMBL643,CC(CN1c2ccccc2Sc2ccccc21)N(C)C,287.0
CHEMBL631,CCCNCC(O)COc1ccccc1C(=O)CCc1ccccc1,2610.0
CHEMBL75880,C1CCC(C(CC2CCCCN2)C2CCCCC2)CC1,2599.2
CHEMBL511,COc1ccc(CN(CCN(C)C)c2ccccn2)cc1,1558.0
CHEMBL1196,CCCOc1ccc(C(=O)OCCN(CC)CC)cc1N,238.0
CHEMBL1909072,NC(=O)C1CCN(CCCN2c3ccccc3Sc3ccc(Cl)cc32)CC1,114.0
CHEMBL1400945,CC(=O)[C@H]1[C@H](C#N)C[C@H]2[C@@H]3CC=C4C[C@@H](O)CC[C@]4(C)[C@H]3CC[C@@]21C,21300.0
CHEMBL27,CC(C)NCC(O)COc1cccc2ccccc12,2870.0
CHEMBL716,OCCOCCN1CCN(C2=Nc3ccccc3Sc3ccccc32)CC1,2293.5
CHEMBL1231,CCN(CC)CC#CCOC(=O)C(O)(c1ccccc1)C1CCCCC1,24.2
CHEMBL728,CN1CCN(CCCN2c3ccccc3Sc3ccc(Cl)cc32)CC1,54.0
CHEMBL1201237,CC(C)(C)NC[C@H](O)COc1cccc2c1CCCC2=O,773.0
CHEMBL1276308,CC#C[C@]1(O)CC[C@H]2[C@@H]3CCC4=CC(=O)CCC4=C3[C@@H](c3ccc(N(C)C)cc3)C[C@@]21C,26280.0
CHEMBL60889,CCOc1cc(N)c(Cl)cc1C(=O)NCC1CN(Cc2ccc(F)cc2)CCO1,305.6
CHEMBL429,CC(CCc1ccccc1)NCC(O)c1ccc(O)c(C(N)=O)c1,1815.0
CHEMBL395110,CN1CCCC(CN2c3ccccc3Sc3ccccc32)C1,180.0
CHEMBL841,CN(C)C(=O)C(CCN1CCC(O)(c2ccc(Cl)cc2)CC1)(c1ccccc1)c1ccccc1,628.0
CHEMBL1490,OC(CCN1CCCCC1)(c1ccccc1)C1CCCCC1,108.0
CHEMBL2107687,CCC(C)C(C(=O)OCC[N+](C)(CC)CC)c1ccccc1.[Br-],475.0
CHEMBL621,O=c1n(CCCN2CCN(c3cccc(Cl)c3)CC2)nc2ccccn12,2203.0
CHEMBL698,CCCCNc1ccc(C(=O)OCCN(C)C)cc1,1673.0
CHEMBL479,CSc1ccc2c(c1)N(CCC1CCCCN1C)c1ccccc1S2,363.0
CHEMBL83,CC/C(=C(\c1ccccc1)c1ccc(OCCN(C)C)cc1)c1ccccc1,21.0
CHEMBL822,CN(C/C=C/C#CC(C)(C)C)Cc1cccc2ccccc12,560.2
CHEMBL275742,CC(C)NC[C@@H](O)COc1cccc2ccccc12,3974.0
CHEMBL452861,CC(C)NC[C@H](O)COc1cccc2ccccc12,6665.0
CHEMBL809,CN[C@H]1CC[C@@H](c2ccc(Cl)c(Cl)c2)c2ccccc21,69.7
CHEMBL404849,CCCCCCCCNC(C)C(O)c1ccc(SC(C)C)cc1,117.2
CHEMBL833,Clc1ccccc1CN1CCc2sccc2C1,426.0
CHEMBL1306,CC(C)N1CCN(c2ccc(OC[C@H]3CO[C@](Cn4cncn4)(c4ccc(Cl)cc4Cl)O3)cc2)CC1,508.0
CHEMBL81,O=C(c1ccc(OCCN2CCCCC2)cc1)c1c(-c2ccc(O)cc2)sc2cc(O)ccc12,681.0
CHEMBL1076211,Cc1ccc(C(=O)C(C)CN2CCCCC2)cc1,13.0
CHEMBL2023828,c1ccc(C(c2ccc(N3CCOCC3)cc2)C23CC4CC(CC(C4)C2)C3)cc1,100.0
CHEMBL2023823,CN1CCN(c2ccc(C(c3ccccc3)C34CC5CC(CC(C5)C3)C4)cc2)CC1,3.2
CHEMBL2023824,CCN1CCN(c2ccc(C(c3ccccc3)C34CC5CC(CC(C5)C3)C4)cc2)CC1,2.9
CHEMBL2023825,c1ccc(C(c2ccc(N3CCN(C4CCCCC4)CC3)cc2)C23CC4CC(CC(C4)C2)C3)cc1,0.27
CHEMBL2023826,c1ccc(CN2CCN(c3ccc(C(c4ccccc4)C45CC6CC(CC(C6)C4)C5)cc3)CC2)cc1,63.3
CHEMBL2023827,c1ccc(C(c2ccc(N3CCNCC3)cc2)C23CC4CC(CC(C4)C2)C3)cc1,12.4
CHEMBL2204679,c1ccc(C(c2ccc(CCCN3CCCCC3)cc2)C23CC4CC(CC(C4)C2)C3)cc1,12.3
CHEMBL2204678,c1ccc(C(c2ccc(CCCN3CCNCC3)cc2)C23CC4CC(CC(C4)C2)C3)cc1,42.0
CHEMBL2204677,c1ccc(CN2CCN(CCCc3ccc(C(c4ccccc4)C45CC6CC(CC(C6)C4)C5)cc3)CC2)cc1,36.1
CHEMBL2204675,CN1CCN(CCCc2ccc(C(c3ccccc3)C34CC5CC(CC(C5)C3)C4)cc2)CC1,48.1
CHEMBL2204672,CN1CCN(CCc2ccc(C(c3ccccc3)C34CC5CC(CC(C5)C3)C4)cc2)CC1,2.9
CHEMBL2204668,CN1CCN(Cc2ccc(C(c3ccccc3)C34CC5CC(CC(C5)C3)C4)cc2)CC1,5.2
CHEMBL2391351,CCCCCN(C)C(=O)CN1CCNC2(CCCCC2)C1,210.0
CHEMBL2391354,O=C(CN1CCN2CCCCC2C1)NC1CCCCC1,270.0
CHEMBL2391353,O=C(CN1CCN2CCC[C@H]2C1)NC1CCCCC1,2250.0
CHEMBL2391352,O=C(CN1CCN2CCC[C@@H]2C1)NC1CCCCC1,390.0
CHEMBL2391539,CC(C(=O)NCCC1CCCCCCC1)N1CCN(C(=O)C2CCCCC2)CC1,11600.0
CHEMBL2391382,CC(C)(C(=O)NC1CCCCC1)N1CCN(C2CCCC2)CC1,500.0
CHEMBL2391381,CC(=O)N1CCCN(CCC(=O)NC2CCCCCC2)CC1,18000.0
CHEMBL2391380,CCCCCN(C)C(=O)CN1CCCNCC1,15200.0
CHEMBL2391379,CN1CCCN(CC(=O)NCCCC2CCCC2)CC1,930.0
CHEMBL2391378,CC(C)N1CCCN(CC(=O)N[C@H](C)C(C)(C)C)CC1,11800.0
CHEMBL2391377,CCC(=O)N1CCN(C(C)C(=O)NC2CCCC2)CC1,100000.0
CHEMBL2391376,C[C@@H]1[C@@H](NC(=O)CN2CCN(C3CCCCC3)CC2)C[C@H]2C[C@@H]1C2(C)C,180.0
CHEMBL2391375,CC(C)(C)CCNC(=O)CN1CCN(C(=O)C2CCCCC2)CC1,21100.0
CHEMBL2391374,CC(C)NC(=O)C(C)(C)N1CCN(C2CCCCC2)CC1,8410.0
CHEMBL2391373,C[C@@H]1[C@@H](NC(=O)CN2CCNCC2)C[C@H]2C[C@@H]1C2(C)C,15800.0
CHEMBL2391372,O=C(CN1CCNCC1)N[C@H]1C[C@@H]2CC[C@H]1C2,86800.0
CHEMBL2391371,CC(C)(C)CCNC(=O)CN1CCNCC1,18800.0
CHEMBL2391369,CC(C(=O)NCCC1CCCCCCC1)N1CCNCC1,7240.0
CHEMBL2391368,O=C(CN1CCN(C2CCCC2)CC1)NC1CCCCC1,430.0
CHEMBL2391540,CN(C(=O)CN1CCNCC1)C1CCCC1,100000.0
CHEMBL2391367,CCC(=O)N1CCN(CC(=O)NC2CCCCC2)CC1,100000.0
CHEMBL2391366,CCC(=O)N1CCN(CC(=O)NC(CC)CC)CC1,100000.0
CHEMBL2391365,CCCCC(C(=O)NC1CCCCC1)N1CCNCC1,11500.0
CHEMBL2391364,CCCCN(CCC)C(=O)CN1CCNCC1,16300.0
CHEMBL2391363,O=C(CCN1CCN(C(=O)C2CC2)CC1)NC1CCCCC1,8830.0
CHEMBL2391362,CCCCN(CCC)C(=O)CN1C[C@H](C)NC[C@H]1C,7600.0
CHEMBL2391361,CCC(CC)NC(=O)CN1CCCN(C)CC1,15200.0
CHEMBL2391360,CCC(=O)N1CCN(CC(=O)NCC(C)CC)CC1,100000.0
CHEMBL2391359,CCN1CCN(CC(=O)N(C)C2CCCC2)CC1C,1200.0
CHEMBL2391358,CCC(C(=O)NC1CCCCC1)N1CCN(C2CCCC2)CC1,590.0
CHEMBL2391357,CN1CCCN(CC(=O)NC2CCCCC2)CC1,3250.0
CHEMBL2391356,CC(C)NC(=O)CN1CCNCC1,100000.0
CHEMBL1983100,O=C(CN1CCNCC1)NC1CCCCC1,27200.0
CHEMBL2391147,C[C@H]1[C@@H](c2ccccc2)CC(=O)N1CC(N)=O,43.0
CHEMBL3220543,CSc1nc(N2C[C@@H]3[C@H](C2)[C@H]3C(=O)O)ccc1C(=O)NC12CC3CC(CC(C3)C1)C2,30000.0
CHEMBL294144,COc1cccc2c1CCC(=O)N2CCCN1CCN(c2cccc(Cl)c2)CC1,47.0
CHEMBL3414957,O=C(CN1CCCCC1)N1CCN(C2(c3ccccc3)C3CC4CC(C3)CC2C4)CC1,135.0
CHEMBL177952,COc1ccc2c(c1)CCCC2CCCCN1CCC(C)CC1,11.3
CHEMBL176941,COc1ccc2c(CCCCN3CCC(C)CC3)cccc2c1,15.5
CHEMBL60542,CC(C)=CCN1CC[C@]2(C)c3cc(O)ccc3C[C@H]1[C@H]2C,8.24
CHEMBL596,CCC(=O)N(c1ccccc1)C1CCN(CCc2ccccc2)CC1,354.0
CHEMBL4761695,[2H]C([2H])([2H])Oc1cc(F)cc2c(N3CCN(c4ccccc4F)CC3)c(C#N)cnc12,3500.0
CHEMBL4297224,CN(C)CC1CCOC1(c1ccccc1)c1ccccc1,860.0
CHEMBL4519018,CN1C2CCCC1CC(Nc1ccccc1Br)C2,84.0
CHEMBL5440801,Cc1ccc(CCCN2CC3(CC(=O)N(c4ccccc4)C3)C2)cc1,19.1
